s,kW,kW,kW,kW,kW,kW,kW,kW,kW,kW,kg/s,kg/s
Time,HRR,Q_RADI,Q_CONV,Q_COND,Q_DIFF,Q_PRES,Q_PART,Q_GEOM,Q_ENTH,Q_TOTAL,MLR_FUEL,MLR_TOTAL
 0.0000000E+000, 0.0000000E+000,-8.9265829E-002, 2.0749757E-006, 0.0000000E+000, 0.0000000E+000, 0.0000000E+000, 0.0000000E+000, 0.0000000E+000, 0.0000000E+000,-8.9263754E-002, 0.0000000E+000, 0.0000000E+000
 1.8066137E+000, 6.8056628E-003,-4.1119752E-003, 1.9955332E+000,-6.5329524E-006,-9.8564096E-007, 0.0000000E+000, 0.0000000E+000, 0.0000000E+000,-9.4612395E-002, 1.9982193E+000, 1.6379721E-007, 1.6379721E-007
 3.6352448E+000, 6.0193057E-002, 1.3570565E-005,-1.8656008E+000,-2.0296286E-004,-6.7391592E-006, 0.0000000E+000, 0.0000000E+000, 0.0000000E+000, 1.9437276E-002,-1.8056038E+000, 1.1200518E-006, 1.1200518E-006
 5.4067311E+000, 1.2914223E-001,-8.2118696E-005,-7.5356183E-001,-9.4858477E-004,-1.8018012E-005, 0.0000000E+000, 0.0000000E+000, 0.0000000E+000, 2.3833157E-001,-6.2546831E-001, 2.9950959E-006, 2.9950959E-006
 7.2067895E+000, 1.1306367E-001,-4.2430157E-004,-2.8755166E+000,-2.3035153E-003,-3.4749624E-005, 0.0000000E+000, 0.0000000E+000, 0.0000000E+000, 2.7398782E-001,-2.7652155E+000, 5.7809126E-006, 5.7809126E-006
 9.0045624E+000, 5.5415433E-001,-8.8569844E-002,-6.5825385E+000,-5.6453646E-003,-5.7131243E-005, 0.0000000E+000, 0.0000000E+000, 0.0000000E+000, 5.9522950E-001,-6.1226565E+000, 9.5073444E-006, 9.5073444E-006
 1.0802336E+001, 6.3485127E-001,-1.1938238E-001,-5.9409733E+000,-1.3464441E-002,-8.4994562E-005, 0.0000000E+000, 0.0000000E+000, 0.0000000E+000, 6.4753433E-001,-5.4390538E+000, 1.4151605E-005, 1.4151605E-005
 1.2600108E+001, 5.3342533E-001,-9.1586020E-002,-1.8654431E+000,-1.7907960E-002,-1.1845375E-004, 0.0000000E+000, 0.0000000E+000, 0.0000000E+000, 5.2351819E-001,-1.4416303E+000, 1.9719551E-005, 1.9719551E-005
 1.4467026E+001, 1.2332551E+000,-2.2915652E-001, 8.4708195E-002,-2.5500435E-002,-1.5838667E-004, 0.0000000E+000, 0.0000000E+000, 0.0000000E+000, 1.0185655E+000, 1.0631479E+000, 2.6348093E-005, 2.6348093E-005
 1.6264799E+001, 1.6105996E+000,-3.0397724E-001, 2.0111128E-001,-3.5923680E-002,-2.0401040E-004, 0.0000000E+000, 0.0000000E+000, 0.0000000E+000, 1.2263926E+000, 1.4716059E+000, 3.3930154E-005, 3.3930154E-005
 1.8062572E+001, 1.9362976E+000,-3.6193095E-001, 2.1329783E+000,-3.9002863E-002,-2.5439047E-004, 0.0000000E+000, 0.0000000E+000, 0.0000000E+000, 1.4785014E+000, 3.6680877E+000, 4.2304685E-005, 4.2304685E-005
 1.9860344E+001, 2.4039517E+000,-4.5052204E-001, 1.8510607E+000,-3.5502225E-002,-3.1030491E-004, 0.0000000E+000, 0.0000000E+000, 0.0000000E+000, 1.9197710E+000, 3.7686779E+000, 5.1602903E-005, 5.1602903E-005
 2.1658117E+001, 2.7917652E+000,-5.2582157E-001, 7.4466912E-001,-3.6121932E-002,-3.7175882E-004, 0.0000000E+000, 0.0000000E+000, 0.0000000E+000, 2.2192278E+000, 2.9741191E+000, 6.1824807E-005, 6.1824807E-005
 2.3455891E+001, 3.2807130E+000,-6.1071779E-001, 9.6067828E-001,-4.6666494E-002,-4.3876588E-004, 0.0000000E+000, 0.0000000E+000, 0.0000000E+000, 2.6155781E+000, 3.5835682E+000, 7.2970398E-005, 7.2970398E-005
 2.5253664E+001, 3.9314278E+000,-6.5221478E-001, 7.0525221E-001,-7.8962937E-002,-5.1128484E-004, 0.0000000E+000, 0.0000000E+000, 0.0000000E+000, 3.2210149E+000, 3.9049910E+000, 8.5039674E-005, 8.5039674E-005
 2.7051435E+001, 4.5718034E+000,-6.8064721E-001, 9.4324237E-001,-1.2888249E-001,-5.8932321E-004, 0.0000000E+000, 0.0000000E+000, 0.0000000E+000, 3.8055885E+000, 4.7049268E+000, 9.8032637E-005, 9.8032637E-005
 2.8849209E+001, 5.1433497E+000,-7.2189983E-001, 7.2084159E-001,-1.7815964E-001,-6.7291805E-004, 0.0000000E+000, 0.0000000E+000, 0.0000000E+000, 4.2740468E+000, 4.9634589E+000, 1.1194929E-004, 1.1194929E-004
 3.0646982E+001, 5.8021126E+000,-7.4557835E-001,-1.3344438E+000,-2.3443025E-001,-7.6207817E-004, 0.0000000E+000, 0.0000000E+000, 0.0000000E+000, 4.8352507E+000, 3.4868981E+000, 1.2678962E-004, 1.2678962E-004
 3.2444756E+001, 6.5914867E+000,-8.3600492E-001,-2.3260453E+000,-3.0659397E-001,-8.5681938E-004, 0.0000000E+000, 0.0000000E+000, 0.0000000E+000, 5.5647435E+000, 3.1219857E+000, 1.4255364E-004, 1.4255364E-004
 3.4225300E+001, 7.3080012E+000,-9.1164043E-001,-1.6876174E+000,-3.8999889E-001,-9.5648610E-004, 0.0000000E+000, 0.0000000E+000, 0.0000000E+000, 6.0612436E+000, 4.3177880E+000, 1.5914392E-004, 1.5914392E-004
 3.6021778E+001, 8.0696348E+000,-9.5640127E-001,-1.0170117E+000,-5.1360114E-001,-1.0614886E-003, 0.0000000E+000, 0.0000000E+000, 0.0000000E+000, 6.4608356E+000, 5.5815592E+000, 1.7663689E-004, 1.7663689E-004
 3.7818253E+001, 9.0296272E+000,-1.0918735E+000, 3.7289773E-002,-6.4304823E-001,-1.1726404E-003, 0.0000000E+000, 0.0000000E+000, 0.0000000E+000, 7.2193579E+000, 7.3308227E+000, 1.9514725E-004, 1.9514725E-004
 3.9614731E+001, 1.0001797E+001,-1.1770326E+000, 1.1116224E+000,-7.5666567E-001,-1.2892025E-003, 0.0000000E+000, 0.0000000E+000, 0.0000000E+000, 8.1490601E+000, 9.1784324E+000, 2.1457997E-004, 2.1457997E-004
 4.1411209E+001, 1.0925181E+001,-1.2758869E+000, 1.0134222E+000,-8.8016933E-001,-1.4113227E-003, 0.0000000E+000, 0.0000000E+000, 0.0000000E+000, 8.9160675E+000, 9.7811357E+000, 2.3493504E-004, 2.3493504E-004
 4.3207684E+001, 1.1830161E+001,-1.3233313E+000, 3.5763312E-001,-9.4059212E-001,-1.5391606E-003, 0.0000000E+000, 0.0000000E+000, 0.0000000E+000, 9.5472860E+000, 9.9223312E+000, 2.5621246E-004, 2.5621246E-004
 4.5004162E+001, 1.2779616E+001,-1.4222364E+000, 2.4532782E-001,-1.0801286E+000,-1.6725689E-003, 0.0000000E+000, 0.0000000E+000, 0.0000000E+000, 1.0134844E+001, 1.0520906E+001, 2.7842724E-004, 2.7842724E-004
 4.6844002E+001, 1.3919685E+001,-1.5385912E+000, 2.7620760E-001,-1.2220990E+000,-1.8131842E-003, 0.0000000E+000, 0.0000000E+000, 0.0000000E+000, 1.1153706E+001, 1.1433389E+001, 3.0186161E-004, 3.0186161E-004
 4.8615700E+001, 1.5121055E+001,-1.6513586E+000, 5.5213556E-001,-1.3369608E+000,-1.9582718E-003, 0.0000000E+000, 0.0000000E+000, 0.0000000E+000, 1.2173536E+001, 1.2682913E+001, 3.2604273E-004, 3.2604273E-004
 5.0455540E+001, 1.6302466E+001,-1.7975818E+000, 1.3721371E+000,-1.4231885E+000,-2.1088462E-003, 0.0000000E+000, 0.0000000E+000, 0.0000000E+000, 1.3117743E+001, 1.4451724E+001, 3.5116162E-004, 3.5116162E-004
 5.2227238E+001, 1.7497590E+001,-1.9215448E+000, 1.4137917E+000,-1.5967250E+000,-2.2649728E-003, 0.0000000E+000, 0.0000000E+000, 0.0000000E+000, 1.4018762E+001, 1.5390847E+001, 3.7720657E-004, 3.7720657E-004
 5.4067078E+001, 1.8738240E+001,-2.0557623E+000, 3.4531495E-001,-1.9237531E+000,-2.4261226E-003, 0.0000000E+000, 0.0000000E+000, 0.0000000E+000, 1.4793789E+001, 1.5101614E+001, 4.0418931E-004, 4.0418931E-004
 5.5838776E+001, 2.0033104E+001,-2.1820204E+000,-3.7444077E-001,-2.1910015E+000,-2.5934293E-003, 0.0000000E+000, 0.0000000E+000, 0.0000000E+000, 1.5841937E+001, 1.5283047E+001, 4.3209811E-004, 4.3209811E-004
 5.7610474E+001, 2.1248277E+001,-2.3111596E+000,-4.3451368E-001,-2.4714778E+000,-2.7634234E-003, 0.0000000E+000, 0.0000000E+000, 0.0000000E+000, 1.6514822E+001, 1.6028363E+001, 4.6038891E-004, 4.6038891E-004
 5.9450314E+001, 2.2632851E+001,-2.4595382E+000,-1.4375514E-001,-2.7480165E+000,-2.9419925E-003, 0.0000000E+000, 0.0000000E+000, 0.0000000E+000, 1.7372291E+001, 1.7278599E+001, 4.9014983E-004, 4.9014983E-004
 6.1222012E+001, 2.4130502E+001,-2.5648298E+000, 4.9667954E-001,-2.7870623E+000,-3.1258637E-003, 0.0000000E+000, 0.0000000E+000, 0.0000000E+000, 1.8561703E+001, 1.9272164E+001, 5.2083680E-004, 5.2083680E-004
 6.3061852E+001, 2.5664181E+001,-2.6609022E+000, 9.6097059E-001,-2.9578566E+000,-3.3154427E-003, 0.0000000E+000, 0.0000000E+000, 0.0000000E+000, 2.0128944E+001, 2.1003077E+001, 5.5246156E-004, 5.5246156E-004
 6.4833549E+001, 2.7279037E+001,-2.8677351E+000, 9.6222030E-001,-3.3207727E+000,-3.5104805E-003, 0.0000000E+000, 0.0000000E+000, 0.0000000E+000, 2.1239342E+001, 2.2049239E+001, 5.8501238E-004, 5.8501238E-004
 6.6605247E+001, 2.8621022E+001,-2.9217400E+000, 7.5705498E-001,-3.4079344E+000,-3.7073318E-003, 0.0000000E+000, 0.0000000E+000, 0.0000000E+000, 2.2467114E+001, 2.3044695E+001, 6.1785762E-004, 6.1785762E-004
 6.8445084E+001, 3.0202725E+001,-3.0270729E+000, 4.8917915E-001,-3.8834695E+000,-3.9127767E-003, 0.0000000E+000, 0.0000000E+000, 0.0000000E+000, 2.3374876E+001, 2.3777449E+001, 6.5226056E-004, 6.5226056E-004
 7.0216782E+001, 3.1817607E+001,-3.2159351E+000, 4.8432080E-001,-4.2870306E+000,-4.1240613E-003, 0.0000000E+000, 0.0000000E+000, 0.0000000E+000, 2.4425307E+001, 2.4794838E+001, 6.8758955E-004, 6.8758955E-004
 7.2056625E+001, 3.3656456E+001,-3.5543144E+000, 1.0114672E+000,-4.8905125E+000,-4.3409444E-003, 0.0000000E+000, 0.0000000E+000, 0.0000000E+000, 2.5216919E+001, 2.6218755E+001, 7.2385634E-004, 7.2385634E-004
 7.3828323E+001, 3.5367022E+001,-3.7029750E+000, 1.5870330E+000,-5.0709107E+000,-4.5632541E-003, 0.0000000E+000, 0.0000000E+000, 0.0000000E+000, 2.6384573E+001, 2.8175606E+001, 7.6104918E-004, 7.6104918E-004
 7.5600021E+001, 3.7036507E+001,-3.7900373E+000, 1.5491797E+000,-5.4275907E+000,-4.7874279E-003, 0.0000000E+000, 0.0000000E+000, 0.0000000E+000, 2.7431303E+001, 2.9363271E+001, 7.9844885E-004, 7.9844885E-004
 7.7439857E+001, 3.8959706E+001,-3.9198893E+000, 9.9685830E-001,-5.9677210E+000,-5.0207706E-003, 0.0000000E+000, 0.0000000E+000, 0.0000000E+000, 2.9046195E+001, 3.0063933E+001, 8.3749381E-004, 8.3749381E-004
 7.9211555E+001, 4.0700831E+001,-4.2901242E+000, 2.6742970E-001,-6.3375049E+000,-5.2604818E-003, 0.0000000E+000, 0.0000000E+000, 0.0000000E+000, 2.9768774E+001, 3.0335371E+001, 8.7746483E-004, 8.7746483E-004
 8.1051399E+001, 4.2475259E+001,-4.3292176E+000, 6.6477084E-003,-6.6357233E+000,-5.5049517E-003, 0.0000000E+000, 0.0000000E+000, 0.0000000E+000, 3.0831435E+001, 3.1511461E+001, 9.1837364E-004, 9.1837364E-004
 8.2823097E+001, 4.4561421E+001,-4.5230102E+000, 2.7992113E-001,-7.1032562E+000,-5.7545926E-003, 0.0000000E+000, 0.0000000E+000, 0.0000000E+000, 3.2438548E+001, 3.3209322E+001, 9.6020850E-004, 9.6020850E-004
 8.4662933E+001, 4.6555570E+001,-4.6360666E+000, 7.6282075E-001,-7.4846435E+000,-6.0106820E-003, 0.0000000E+000, 0.0000000E+000, 0.0000000E+000, 3.4004647E+001, 3.5191670E+001, 1.0029811E-003, 1.0029811E-003
 8.6434631E+001, 4.8709776E+001,-4.9868116E+000, 9.8812302E-001,-8.0618063E+000,-6.2709139E-003, 0.0000000E+000, 0.0000000E+000, 0.0000000E+000, 3.5440423E+001, 3.6643010E+001, 1.0466798E-003, 1.0466798E-003
 8.8206329E+001, 5.0765574E+001,-5.3354192E+000, 8.1491986E-001,-8.5760452E+000,-6.5315908E-003, 0.0000000E+000, 0.0000000E+000, 0.0000000E+000, 3.6242987E+001, 3.7662498E+001, 1.0904626E-003, 1.0904626E-003
 9.0046165E+001, 5.2602696E+001,-5.6327575E+000, 6.7253838E-001,-8.9141362E+000,-6.8054205E-003, 0.0000000E+000, 0.0000000E+000, 0.0000000E+000, 3.7376290E+001, 3.8721535E+001, 1.1360135E-003, 1.1360135E-003
 9.1817863E+001, 5.4760149E+001,-5.6926925E+000, 9.3395399E-001,-9.5986518E+000,-7.0833561E-003, 0.0000000E+000, 0.0000000E+000, 0.0000000E+000, 3.8835533E+001, 4.0395675E+001, 1.1824903E-003, 1.1824903E-003
 9.3657707E+001, 5.7320332E+001,-5.9849337E+000, 1.3175451E+000,-1.0145925E+001,-7.3646140E-003, 0.0000000E+000, 0.0000000E+000, 0.0000000E+000, 4.0973711E+001, 4.2499653E+001, 1.2299050E-003, 1.2299050E-003
 9.5429405E+001, 5.9432748E+001,-6.2134804E+000, 1.4412699E+000,-1.0358127E+001,-7.6530581E-003, 0.0000000E+000, 0.0000000E+000, 0.0000000E+000, 4.2591620E+001, 4.4294758E+001, 1.2782457E-003, 1.2782457E-003
 9.7201103E+001, 6.1652839E+001,-6.4536723E+000, 1.2113694E+000,-1.0690343E+001,-7.9432726E-003, 0.0000000E+000, 0.0000000E+000, 0.0000000E+000, 4.4627701E+001, 4.5712250E+001, 1.3265830E-003, 1.3265830E-003
 9.9040939E+001, 6.4014960E+001,-6.5828247E+000, 8.2048588E-001,-1.0975272E+001,-8.2407695E-003, 0.0000000E+000, 0.0000000E+000, 0.0000000E+000, 4.6061116E+001, 4.7269108E+001, 1.3767758E-003, 1.3767758E-003
 1.0081264E+002, 6.6186507E+001,-6.9676319E+000, 6.3788174E-001,-1.1552600E+001,-8.5448641E-003, 0.0000000E+000, 0.0000000E+000, 0.0000000E+000, 4.6929943E+001, 4.8295612E+001, 1.4278947E-003, 1.4278947E-003
 1.0265248E+002, 6.8983950E+001,-7.4703574E+000, 9.6501100E-001,-1.2953039E+001,-8.8563059E-003, 0.0000000E+000, 0.0000000E+000, 0.0000000E+000, 4.8212777E+001, 4.9516708E+001, 1.4799514E-003, 1.4799514E-003
 1.0442418E+002, 7.1157232E+001,-7.7629340E+000, 1.4099096E+000,-1.3832012E+001,-9.1712763E-003, 0.0000000E+000, 0.0000000E+000, 0.0000000E+000, 4.8882065E+001, 5.0963024E+001, 1.5329342E-003, 1.5329342E-003
 1.0626521E+002, 7.3937323E+001,-8.1232339E+000, 1.2067172E+000,-1.4973861E+001,-9.4946713E-003, 0.0000000E+000, 0.0000000E+000, 0.0000000E+000, 5.0012103E+001, 5.2037450E+001, 1.5868377E-003, 1.5868377E-003
 1.0804494E+002, 7.6218097E+001,-8.4651142E+000, 8.8998275E-001,-1.5917111E+001,-9.8228367E-003, 0.0000000E+000, 0.0000000E+000, 0.0000000E+000, 5.1265340E+001, 5.2716032E+001, 1.6418270E-003, 1.6418270E-003
 1.0982467E+002, 7.8791922E+001,-8.8696503E+000, 9.8311980E-001,-1.6550718E+001,-1.0143145E-002, 0.0000000E+000, 0.0000000E+000, 0.0000000E+000, 5.1853616E+001, 5.4344530E+001, 1.6967997E-003, 1.6967997E-003
 1.1160441E+002, 8.1577850E+001,-9.2570311E+000, 1.3891419E+000,-1.6873002E+001,-1.0479942E-002, 0.0000000E+000, 0.0000000E+000, 0.0000000E+000, 5.4675357E+001, 5.6826478E+001, 1.7526776E-003, 1.7526776E-003
 1.1345006E+002, 8.4219997E+001,-9.3581408E+000, 1.2902566E+000,-1.8085017E+001,-1.0825012E-002, 0.0000000E+000, 0.0000000E+000, 0.0000000E+000, 5.6289241E+001, 5.8056270E+001, 1.8105236E-003, 1.8105236E-003
 1.1522979E+002, 8.6866249E+001,-1.0077365E+001, 9.4304355E-001,-1.9300682E+001,-1.1176251E-002, 0.0000000E+000, 0.0000000E+000, 0.0000000E+000, 5.6892987E+001, 5.8420069E+001, 1.8693030E-003, 1.8693030E-003
 1.1700952E+002, 8.9607407E+001,-1.0218231E+001, 1.0364270E+000,-1.9485807E+001,-1.1522009E-002, 0.0000000E+000, 0.0000000E+000, 0.0000000E+000, 5.8967178E+001, 6.0928275E+001, 1.9279302E-003, 1.9279302E-003
 1.1885517E+002, 9.2544736E+001,-1.0504977E+001, 1.4733390E+000,-1.9295297E+001,-1.1883193E-002, 0.0000000E+000, 0.0000000E+000, 0.0000000E+000, 6.1379070E+001, 6.4205917E+001, 1.9885764E-003, 1.9885764E-003
 1.2063490E+002, 9.5592170E+001,-1.1029909E+001, 1.4403185E+000,-2.0178097E+001,-1.2250621E-002, 0.0000000E+000, 0.0000000E+000, 0.0000000E+000, 6.3271569E+001, 6.5812231E+001, 2.0501560E-003, 2.0501560E-003
 1.2241463E+002, 9.7910928E+001,-1.1767483E+001, 1.1772713E+000,-2.1754826E+001,-1.2617080E-002, 0.0000000E+000, 0.0000000E+000, 0.0000000E+000, 6.2169964E+001, 6.5553273E+001, 2.1115324E-003, 2.1115324E-003
 1.2426028E+002, 1.0127863E+002,-1.2249610E+001, 1.4360857E+000,-2.2898780E+001,-1.2991971E-002, 0.0000000E+000, 0.0000000E+000, 0.0000000E+000, 6.4801691E+001, 6.7553330E+001, 2.1749788E-003, 2.1749788E-003
 1.2604002E+002, 1.0415736E+002,-1.2706008E+001, 1.5125025E+000,-2.3030674E+001,-1.3372311E-002, 0.0000000E+000, 0.0000000E+000, 0.0000000E+000, 6.6930311E+001, 6.9919804E+001, 2.2393585E-003, 2.2393585E-003
 1.2783930E+002, 1.0726168E+002,-1.3330449E+001, 1.2753971E+000,-2.3768890E+001,-1.3754250E-002, 0.0000000E+000, 0.0000000E+000, 0.0000000E+000, 6.8884859E+001, 7.1423984E+001, 2.3037387E-003, 2.3037387E-003
 1.2963678E+002, 1.1034658E+002,-1.4115213E+001, 1.3812112E+000,-2.5197744E+001,-1.4145632E-002, 0.0000000E+000, 0.0000000E+000, 0.0000000E+000, 6.9543453E+001, 7.2400689E+001, 2.3694950E-003, 2.3694950E-003
 1.3146635E+002, 1.1334691E+002,-1.4474619E+001, 1.7315371E+000,-2.6001933E+001,-1.4539612E-002, 0.0000000E+000, 0.0000000E+000, 0.0000000E+000, 7.1587346E+001, 7.4587356E+001, 2.4368092E-003, 2.4368092E-003
 1.3322818E+002, 1.1632129E+002,-1.4850045E+001, 1.6030239E+000,-2.6777480E+001,-1.4943740E-002, 0.0000000E+000, 0.0000000E+000, 0.0000000E+000, 7.3635313E+001, 7.6281846E+001, 2.5042839E-003, 2.5042839E-003
 1.3505380E+002, 1.2004320E+002,-1.5892386E+001, 1.3144029E+000,-2.7948402E+001,-1.5348579E-002, 0.0000000E+000, 0.0000000E+000, 0.0000000E+000, 7.5331182E+001, 7.7501468E+001, 2.5725238E-003, 2.5725238E-003
 1.3686223E+002, 1.2290527E+002,-1.6558871E+001, 1.2509786E+000,-2.9838859E+001,-1.5758204E-002, 0.0000000E+000, 0.0000000E+000, 0.0000000E+000, 7.4802668E+001, 7.7742762E+001, 2.6426526E-003, 2.6426526E-003
 1.3865472E+002, 1.2623423E+002,-1.6915779E+001, 1.4426963E+000,-3.0204715E+001,-1.6178590E-002, 0.0000000E+000, 0.0000000E+000, 0.0000000E+000, 7.7905683E+001, 8.0540251E+001, 2.7130437E-003, 2.7130437E-003
 1.4043710E+002, 1.2954914E+002,-1.7914666E+001, 1.0571217E+000,-3.1239103E+001,-1.6595669E-002, 0.0000000E+000, 0.0000000E+000, 0.0000000E+000, 7.8040097E+001, 8.1435900E+001, 2.7838784E-003, 2.7838784E-003
 1.4220758E+002, 1.3244392E+002,-1.8514036E+001, 9.3720242E-001,-3.1922929E+001,-1.7016343E-002, 0.0000000E+000, 0.0000000E+000, 0.0000000E+000, 7.9899224E+001, 8.2927142E+001, 2.8552682E-003, 2.8552682E-003
 1.4404111E+002, 1.3643784E+002,-1.9823679E+001, 1.2118222E+000,-3.2978252E+001,-1.7452234E-002, 0.0000000E+000, 0.0000000E+000, 0.0000000E+000, 8.2182716E+001, 8.4830281E+001, 2.9285324E-003, 2.9285324E-003
 1.4582910E+002, 1.4008527E+002,-2.0285005E+001, 1.4111509E+000,-3.4338353E+001,-1.7896995E-002, 0.0000000E+000, 0.0000000E+000, 0.0000000E+000, 8.4034822E+001, 8.6855163E+001, 3.0030934E-003, 3.0030934E-003
 1.4762271E+002, 1.4324949E+002,-2.0929910E+001, 1.1617405E+000,-3.5961744E+001,-1.8339525E-002, 0.0000000E+000, 0.0000000E+000, 0.0000000E+000, 8.4746576E+001, 8.7501239E+001, 3.0776641E-003, 3.0776641E-003
 1.4942339E+002, 1.4684623E+002,-2.1518993E+001, 1.2102454E+000,-3.7312851E+001,-1.8782008E-002, 0.0000000E+000, 0.0000000E+000, 0.0000000E+000, 8.6632400E+001, 8.9205853E+001, 3.1535067E-003, 3.1535067E-003
 1.5122322E+002, 1.5001702E+002,-2.1632238E+001, 1.4406606E+000,-3.8988617E+001,-1.9234964E-002, 0.0000000E+000, 0.0000000E+000, 0.0000000E+000, 8.7587693E+001, 9.0817589E+001, 3.2303622E-003, 3.2303622E-003
 1.5302356E+002, 1.5436022E+002,-2.2512165E+001, 1.4605337E+000,-4.0416795E+001,-1.9697750E-002, 0.0000000E+000, 0.0000000E+000, 0.0000000E+000, 9.0417672E+001, 9.2872098E+001, 3.3081357E-003, 3.3081357E-003
 1.5480168E+002, 1.5820267E+002,-2.4032200E+001, 1.2905699E+000,-4.1173714E+001,-2.0163001E-002, 0.0000000E+000, 0.0000000E+000, 0.0000000E+000, 9.1384512E+001, 9.4267161E+001, 3.3864189E-003, 3.3864189E-003
 1.5660188E+002, 1.6097759E+002,-2.4165301E+001, 1.4610777E+000,-4.1862564E+001,-2.0637577E-002, 0.0000000E+000, 0.0000000E+000, 0.0000000E+000, 9.2897765E+001, 9.6390168E+001, 3.4656135E-003, 3.4656135E-003
 1.5845122E+002, 1.6486584E+002,-2.4562225E+001, 1.4744343E+000,-4.3243726E+001,-2.1125050E-002, 0.0000000E+000, 0.0000000E+000, 0.0000000E+000, 9.5406038E+001, 9.8513195E+001, 3.5472196E-003, 3.5472196E-003
 1.6020303E+002, 1.6932284E+002,-2.6140825E+001, 1.4408720E+000,-4.4726380E+001,-2.1600252E-002, 0.0000000E+000, 0.0000000E+000, 0.0000000E+000, 1.0061404E+002, 9.9874909E+001, 3.6287610E-003, 3.6287610E-003
 1.6203662E+002, 1.7218678E+002,-2.7048118E+001, 1.3800297E+000,-4.6855844E+001,-2.2089653E-002, 0.0000000E+000, 0.0000000E+000, 0.0000000E+000, 9.5943696E+001, 9.9640754E+001, 3.7108874E-003, 3.7108874E-003
 1.6385223E+002, 1.7757250E+002,-2.9190391E+001, 1.5621038E+000,-4.8609813E+001,-2.2585197E-002, 0.0000000E+000, 0.0000000E+000, 0.0000000E+000, 9.8054624E+001, 1.0131182E+002, 3.7953520E-003, 3.7953520E-003
 1.6561243E+002, 1.8021353E+002,-2.9363800E+001, 1.3715630E+000,-5.0626391E+001,-2.3078573E-002, 0.0000000E+000, 0.0000000E+000, 0.0000000E+000, 9.8379960E+001, 1.0157183E+002, 3.8791529E-003, 3.8791529E-003
 1.6742384E+002, 1.8426293E+002,-3.1020493E+001, 1.3252662E+000,-5.2161611E+001,-2.3577739E-002, 0.0000000E+000, 0.0000000E+000, 0.0000000E+000, 9.9344830E+001, 1.0238251E+002, 3.9637863E-003, 3.9637863E-003
 1.6921448E+002, 1.8872079E+002,-3.1140442E+001, 1.4359776E+000,-5.2805426E+001,-2.4087841E-002, 0.0000000E+000, 0.0000000E+000, 0.0000000E+000, 1.0332152E+002, 1.0618681E+002, 4.0498682E-003, 4.0498682E-003
 1.7104779E+002, 1.9212279E+002,-3.0930188E+001, 1.5726385E+000,-5.3967920E+001,-2.4610278E-002, 0.0000000E+000, 0.0000000E+000, 0.0000000E+000, 1.0476588E+002, 1.0877271E+002, 4.1375949E-003, 4.1375949E-003
 1.7283626E+002, 1.9726627E+002,-3.2270049E+001, 1.6063238E+000,-5.5114507E+001,-2.5137605E-002, 0.0000000E+000, 0.0000000E+000, 0.0000000E+000, 1.0819234E+002, 1.1146290E+002, 4.2261861E-003, 4.2261861E-003
 1.7464807E+002, 2.0100524E+002,-3.3581497E+001, 1.7938923E+000,-5.6472414E+001,-2.5649961E-002, 0.0000000E+000, 0.0000000E+000, 0.0000000E+000, 1.0861406E+002, 1.1271957E+002, 4.3150959E-003, 4.3150959E-003
 1.7643340E+002, 2.0571199E+002,-3.6383713E+001, 1.8111243E+000,-5.8933826E+001,-2.6172056E-002, 0.0000000E+000, 0.0000000E+000, 0.0000000E+000, 1.0797191E+002, 1.1217940E+002, 4.4047229E-003, 4.4047229E-003
 1.7824715E+002, 2.0919214E+002,-3.6122563E+001, 1.7053408E+000,-5.9727848E+001,-2.6713878E-002, 0.0000000E+000, 0.0000000E+000, 0.0000000E+000, 1.1246385E+002, 1.1502036E+002, 4.4954207E-003, 4.4954207E-003
 1.8002089E+002, 2.1358754E+002,-3.6940444E+001, 1.5783549E+000,-5.9013966E+001,-2.7263070E-002, 0.0000000E+000, 0.0000000E+000, 0.0000000E+000, 1.1634450E+002, 1.1918422E+002, 4.5868591E-003, 4.5868591E-003
 1.8180721E+002, 2.1794019E+002,-3.9046825E+001, 1.7559235E+000,-6.0343410E+001,-2.7793602E-002, 0.0000000E+000, 0.0000000E+000, 0.0000000E+000, 1.1709759E+002, 1.2027809E+002, 4.6784596E-003, 4.6784596E-003
 1.8363431E+002, 2.2179253E+002,-3.9990556E+001, 1.8445046E+000,-6.2560151E+001,-2.8332567E-002, 0.0000000E+000, 0.0000000E+000, 0.0000000E+000, 1.1842418E+002, 1.2105800E+002, 4.7722714E-003, 4.7722714E-003
 1.8542194E+002, 2.2733211E+002,-4.1634882E+001, 2.0088143E+000,-6.4711312E+001,-2.8897440E-002, 0.0000000E+000, 0.0000000E+000, 0.0000000E+000, 1.1936982E+002, 1.2296584E+002, 4.8672218E-003, 4.8672218E-003
 1.8722388E+002, 2.3086423E+002,-4.3636312E+001, 1.9073377E+000,-6.6918162E+001,-2.9473191E-002, 0.0000000E+000, 0.0000000E+000, 0.0000000E+000, 1.1825691E+002, 1.2218762E+002, 4.9622039E-003, 4.9622039E-003
 1.8901106E+002, 2.3620597E+002,-4.4983557E+001, 1.5105538E+000,-6.9724460E+001,-3.0026209E-002, 0.0000000E+000, 0.0000000E+000, 0.0000000E+000, 1.2043672E+002, 1.2297848E+002, 5.0582279E-003, 5.0582279E-003
 1.9083638E+002, 2.4040408E+002,-4.6670285E+001, 1.1328656E+000,-7.1035542E+001,-3.0597571E-002, 0.0000000E+000, 0.0000000E+000, 0.0000000E+000, 1.1925249E+002, 1.2380052E+002, 5.1558409E-003, 5.1558409E-003
 1.9260446E+002, 2.4395385E+002,-4.3955070E+001, 1.2410877E+000,-7.1119253E+001,-3.1186023E-002, 0.0000000E+000, 0.0000000E+000, 0.0000000E+000, 1.2786933E+002, 1.3008943E+002, 5.2539111E-003, 5.2539111E-003
 1.9444009E+002, 2.4951085E+002,-4.5634828E+001, 1.4884507E+000,-7.2631687E+001,-3.1748863E-002, 0.0000000E+000, 0.0000000E+000, 0.0000000E+000, 1.2995936E+002, 1.3270103E+002, 5.3531719E-003, 5.3531719E-003
 1.9623601E+002, 2.5446916E+002,-4.6986331E+001, 1.5399031E+000,-7.3538847E+001,-3.2353731E-002, 0.0000000E+000, 0.0000000E+000, 0.0000000E+000, 1.3041727E+002, 1.3545153E+002, 5.4539730E-003, 5.4539730E-003
 1.9804341E+002, 2.5939583E+002,-5.0099346E+001, 1.3883700E+000,-7.5601880E+001,-3.2941960E-002, 0.0000000E+000, 0.0000000E+000, 0.0000000E+000, 1.3087909E+002, 1.3505004E+002, 5.5550360E-003, 5.5550360E-003
 1.9984706E+002, 2.6349476E+002,-5.0930646E+001, 1.2047924E+000,-7.6297627E+001,-3.3541427E-002, 0.0000000E+000, 0.0000000E+000, 0.0000000E+000, 1.3269608E+002, 1.3743774E+002, 5.6572359E-003, 5.6572359E-003
 2.0160504E+002, 2.6871749E+002,-5.0941908E+001, 9.2951158E-001,-7.7346125E+001,-3.4146236E-002, 0.0000000E+000, 0.0000000E+000, 0.0000000E+000, 1.3711835E+002, 1.4132483E+002, 5.7589559E-003, 5.7589559E-003
 2.0340163E+002, 2.7322369E+002,-5.3898739E+001, 8.2953026E-001,-7.9209696E+001,-3.4753217E-002, 0.0000000E+000, 0.0000000E+000, 0.0000000E+000, 1.3609728E+002, 1.4091003E+002, 5.8613700E-003, 5.8613700E-003
 2.0520248E+002, 2.7675071E+002,-5.4743179E+001, 7.3290613E-001,-8.1361169E+001,-3.5359838E-002, 0.0000000E+000, 0.0000000E+000, 0.0000000E+000, 1.3718098E+002, 1.4134390E+002, 5.9659524E-003, 5.9659524E-003
 2.0704756E+002, 2.8338051E+002,-5.7575616E+001, 8.1489696E-001,-8.2058904E+001,-3.5991891E-002, 0.0000000E+000, 0.0000000E+000, 0.0000000E+000, 1.4062574E+002, 1.4452490E+002, 6.0728432E-003, 6.0728432E-003
 2.0880168E+002, 2.8868901E+002,-5.9147071E+001, 1.0222472E+000,-8.3214415E+001,-3.6628925E-002, 0.0000000E+000, 0.0000000E+000, 0.0000000E+000, 1.4161547E+002, 1.4731315E+002, 6.1794143E-003, 6.1794143E-003
 2.1063297E+002, 2.9149383E+002,-5.9063005E+001, 1.2990732E+000,-8.5084949E+001,-3.7266349E-002, 0.0000000E+000, 0.0000000E+000, 0.0000000E+000, 1.4323401E+002, 1.4860768E+002, 6.2863557E-003, 6.2863557E-003
 2.1244823E+002, 2.9853101E+002,-6.3150344E+001, 1.1927065E+000,-8.6880854E+001,-3.7885341E-002, 0.0000000E+000, 0.0000000E+000, 0.0000000E+000, 1.4512199E+002, 1.4965463E+002, 6.3961474E-003, 6.3961474E-003
 2.1424855E+002, 3.0307903E+002,-6.4854619E+001, 8.6481676E-001,-8.9055151E+001,-3.8511175E-002, 0.0000000E+000, 0.0000000E+000, 0.0000000E+000, 1.4347314E+002, 1.4999557E+002, 6.5058315E-003, 6.5058315E-003
 2.1600536E+002, 3.0856537E+002,-7.0233119E+001, 7.6275188E-001,-9.1637274E+001,-3.9163378E-002, 0.0000000E+000, 0.0000000E+000, 0.0000000E+000, 1.4153591E+002, 1.4741857E+002, 6.6148316E-003, 6.6148316E-003
 2.1783452E+002, 3.1245833E+002,-7.4353364E+001, 5.0871981E-001,-9.5732093E+001,-3.9807388E-002, 0.0000000E+000, 0.0000000E+000, 0.0000000E+000, 1.3855906E+002, 1.4284179E+002, 6.7254079E-003, 6.7254079E-003
 2.1962869E+002, 3.1922419E+002,-7.3555055E+001, 2.5128723E-001,-9.5505201E+001,-4.0458081E-002, 0.0000000E+000, 0.0000000E+000, 0.0000000E+000, 1.4562477E+002, 1.5037476E+002, 6.8381360E-003, 6.8381360E-003
 2.2144600E+002, 3.2484362E+002,-7.3363435E+001, 2.7180122E-001,-9.7839851E+001,-4.1151586E-002, 0.0000000E+000, 0.0000000E+000, 0.0000000E+000, 1.4868155E+002, 1.5387098E+002, 6.9514768E-003, 6.9514768E-003
 2.2324100E+002, 3.2779117E+002,-7.4307999E+001, 5.9633115E-001,-1.0035124E+002,-4.1803725E-002, 0.0000000E+000, 0.0000000E+000, 0.0000000E+000, 1.5017213E+002, 1.5368646E+002, 7.0658119E-003, 7.0658119E-003
 2.2501605E+002, 3.3604003E+002,-7.7925582E+001, 6.9525296E-001,-1.0126958E+002,-4.2458974E-002, 0.0000000E+000, 0.0000000E+000, 0.0000000E+000, 1.5349994E+002, 1.5749766E+002, 7.1797545E-003, 7.1797545E-003
 2.2682549E+002, 3.3972210E+002,-7.9369389E+001, 1.6473408E-001,-1.0390531E+002,-4.3138867E-002, 0.0000000E+000, 0.0000000E+000, 0.0000000E+000, 1.5052984E+002, 1.5656900E+002, 7.2950269E-003, 7.2950269E-003
 2.2862804E+002, 3.4580527E+002,-8.2776983E+001,-4.9143150E-001,-1.0478270E+002,-4.3832603E-002, 0.0000000E+000, 0.0000000E+000, 0.0000000E+000, 1.5260800E+002, 1.5771032E+002, 7.4120352E-003, 7.4120352E-003
 2.3040318E+002, 3.5006310E+002,-8.3193503E+001,-6.9074370E-001,-1.0462494E+002,-4.4512020E-002, 0.0000000E+000, 0.0000000E+000, 0.0000000E+000, 1.5800304E+002, 1.6150940E+002, 7.5289012E-003, 7.5289012E-003
 2.3222078E+002, 3.5650718E+002,-8.3006785E+001,-1.5117303E-001,-1.0578308E+002,-4.5170761E-002, 0.0000000E+000, 0.0000000E+000, 0.0000000E+000, 1.6271391E+002, 1.6752096E+002, 7.6472884E-003, 7.6472884E-003
 2.3400931E+002, 3.6332353E+002,-8.5730172E+001, 3.8321964E-001,-1.0667006E+002,-4.5921241E-002, 0.0000000E+000, 0.0000000E+000, 0.0000000E+000, 1.6580204E+002, 1.7126059E+002, 7.7669646E-003, 7.7669646E-003
 2.3583565E+002, 3.6766175E+002,-9.0385734E+001, 3.5153783E-001,-1.0964109E+002,-4.6607555E-002, 0.0000000E+000, 0.0000000E+000, 0.0000000E+000, 1.6215386E+002, 1.6793987E+002, 7.8878526E-003, 7.8878526E-003
 2.3762027E+002, 3.7127174E+002,-8.9974499E+001, 4.0006693E-001,-1.0983164E+002,-4.7314435E-002, 0.0000000E+000, 0.0000000E+000, 0.0000000E+000, 1.6503453E+002, 1.7181835E+002, 8.0095875E-003, 8.0095875E-003
 2.3940947E+002, 3.8132511E+002,-9.3694743E+001, 3.7166490E-001,-1.1051384E+002,-4.8012685E-002, 0.0000000E+000, 0.0000000E+000, 0.0000000E+000, 1.7316948E+002, 1.7744017E+002, 8.1308180E-003, 8.1308180E-003
 2.4120514E+002, 3.8405559E+002,-9.3841166E+001, 8.4091460E-002,-1.1391834E+002,-4.8762644E-002, 0.0000000E+000, 0.0000000E+000, 0.0000000E+000, 1.7001214E+002, 1.7633141E+002, 8.2535447E-003, 8.2535447E-003
 2.4301933E+002, 3.8957829E+002,-9.5906676E+001,-4.1143561E-001,-1.1684276E+002,-4.9480906E-002, 0.0000000E+000, 0.0000000E+000, 0.0000000E+000, 1.6878654E+002, 1.7636794E+002, 8.3779239E-003, 8.3779239E-003
 2.4482899E+002, 3.9618589E+002,-9.8508766E+001,-5.5098832E-001,-1.1876615E+002,-5.0169985E-002, 0.0000000E+000, 0.0000000E+000, 0.0000000E+000, 1.7352937E+002, 1.7830982E+002, 8.5037770E-003, 8.5037770E-003
 2.4661754E+002, 4.0199657E+002,-1.0052104E+002,-4.8434937E-001,-1.2131601E+002,-5.0945550E-002, 0.0000000E+000, 0.0000000E+000, 0.0000000E+000, 1.7341688E+002, 1.7962423E+002, 8.6297592E-003, 8.6297592E-003
 2.4841972E+002, 4.0905146E+002,-1.0308299E+002,-3.2813288E-001,-1.2467320E+002,-5.1685227E-002, 0.0000000E+000, 0.0000000E+000, 0.0000000E+000, 1.7460746E+002, 1.8091544E+002, 8.7562864E-003, 8.7562864E-003
 2.5023085E+002, 4.1341090E+002,-1.0405630E+002,-4.5139236E-001,-1.2793991E+002,-5.2363030E-002, 0.0000000E+000, 0.0000000E+000, 0.0000000E+000, 1.7435329E+002, 1.8091094E+002, 8.8844357E-003, 8.8844357E-003
 2.5200136E+002, 4.2094804E+002,-1.0552210E+002,-7.8935363E-001,-1.2904494E+002,-5.3124659E-002, 0.0000000E+000, 0.0000000E+000, 0.0000000E+000, 1.7707843E+002, 1.8553852E+002, 9.0125739E-003, 9.0125739E-003
 2.5382382E+002, 4.2377929E+002,-1.0702352E+002,-9.6994769E-001,-1.2868998E+002,-5.3838928E-002, 0.0000000E+000, 0.0000000E+000, 0.0000000E+000, 1.8203588E+002, 1.8704201E+002, 9.1419525E-003, 9.1419525E-003
 2.5563141E+002, 4.3450756E+002,-1.0948140E+002,-7.2941063E-001,-1.3245360E+002,-5.4587080E-002, 0.0000000E+000, 0.0000000E+000, 0.0000000E+000, 1.8710321E+002, 1.9178856E+002, 9.2735808E-003, 9.2735808E-003
 2.5740564E+002, 4.3705778E+002,-1.1091272E+002,-4.6570777E-001,-1.3595571E+002,-5.5377411E-002, 0.0000000E+000, 0.0000000E+000, 0.0000000E+000, 1.8198124E+002, 1.8966827E+002, 9.4045824E-003, 9.4045824E-003
 2.5923660E+002, 4.4499344E+002,-1.1310973E+002,-6.3689494E-001,-1.3660007E+002,-5.6135917E-002, 0.0000000E+000, 0.0000000E+000, 0.0000000E+000, 1.8815832E+002, 1.9459061E+002, 9.5371451E-003, 9.5371451E-003
 2.6102899E+002, 4.5172746E+002,-1.1470877E+002,-5.7332151E-001,-1.3999259E+002,-5.6959253E-002, 0.0000000E+000, 0.0000000E+000, 0.0000000E+000, 1.8985427E+002, 1.9639582E+002, 9.6714621E-003, 9.6714621E-003
 2.6281772E+002, 4.5563472E+002,-1.1589328E+002,-7.3312811E-001,-1.4172055E+002,-5.7737680E-002, 0.0000000E+000, 0.0000000E+000, 0.0000000E+000, 1.9047494E+002, 1.9723002E+002, 9.8048889E-003, 9.8048889E-003
 2.6461542E+002, 4.6484412E+002,-1.1886968E+002,-1.3648877E+000,-1.4267013E+002,-5.8483790E-002, 0.0000000E+000, 0.0000000E+000, 0.0000000E+000, 1.9679442E+002, 2.0188095E+002, 9.9395746E-003, 9.9395746E-003
 2.6642877E+002, 4.6803266E+002,-1.1976456E+002,-1.7879612E+000,-1.4483945E+002,-5.9295537E-002, 0.0000000E+000, 0.0000000E+000, 0.0000000E+000, 1.9254965E+002, 2.0158139E+002, 1.0076136E-002, 1.0076136E-002
 2.6820547E+002, 4.7760327E+002,-1.2187743E+002,-2.6473905E+000,-1.4834525E+002,-6.0094008E-002, 0.0000000E+000, 0.0000000E+000, 0.0000000E+000, 1.9819607E+002, 2.0467311E+002, 1.0212788E-002, 1.0212788E-002
 2.7000540E+002, 4.8329920E+002,-1.2462994E+002,-3.3630135E+000,-1.5094674E+002,-6.0890495E-002, 0.0000000E+000, 0.0000000E+000, 0.0000000E+000, 1.9872841E+002, 2.0429862E+002, 1.0349876E-002, 1.0349876E-002
 2.7182260E+002, 4.8830887E+002,-1.2661111E+002,-3.9010617E+000,-1.5704436E+002,-6.1642617E-002, 0.0000000E+000, 0.0000000E+000, 0.0000000E+000, 1.9201559E+002, 2.0069070E+002, 1.0489386E-002, 1.0489386E-002
 2.7360693E+002, 4.9504125E+002,-1.2778546E+002,-4.2956315E+000,-1.6057415E+002,-6.2437293E-002, 0.0000000E+000, 0.0000000E+000, 0.0000000E+000, 1.9333846E+002, 2.0232357E+002, 1.0629359E-002, 1.0629359E-002
 2.7543869E+002, 5.0254668E+002,-1.3081714E+002,-4.2513614E+000,-1.5900638E+002,-6.3266746E-002, 0.0000000E+000, 0.0000000E+000, 0.0000000E+000, 2.0208541E+002, 2.0840853E+002, 1.0770766E-002, 1.0770766E-002
 2.7720526E+002, 5.0832167E+002,-1.3290607E+002,-4.5821720E+000,-1.6135563E+002,-6.4068060E-002, 0.0000000E+000, 0.0000000E+000, 0.0000000E+000, 1.9679218E+002, 2.0941372E+002, 1.0912404E-002, 1.0912404E-002
 2.7902151E+002, 5.1444734E+002,-1.3332239E+002,-5.6512017E+000,-1.6393555E+002,-6.4910882E-002, 0.0000000E+000, 0.0000000E+000, 0.0000000E+000, 2.0445216E+002, 2.1147329E+002, 1.1054255E-002, 1.1054255E-002
 2.8080014E+002, 5.2212859E+002,-1.3599767E+002,-6.7431296E+000,-1.6753380E+002,-6.5749267E-002, 0.0000000E+000, 0.0000000E+000, 0.0000000E+000, 2.0072851E+002, 2.1178825E+002, 1.1197620E-002, 1.1197620E-002
 2.8262408E+002, 5.2842889E+002,-1.3779157E+002,-6.4414277E+000,-1.6992352E+002,-6.6596895E-002, 0.0000000E+000, 0.0000000E+000, 0.0000000E+000, 2.0629797E+002, 2.1420578E+002, 1.1342140E-002, 1.1342140E-002
 2.8443805E+002, 5.3605167E+002,-1.4064911E+002,-7.0302169E+000,-1.7294613E+002,-6.7443223E-002, 0.0000000E+000, 0.0000000E+000, 0.0000000E+000, 2.0669365E+002, 2.1535877E+002, 1.1489090E-002, 1.1489090E-002
 2.8620874E+002, 5.4271525E+002,-1.4248843E+002,-7.4819251E+000,-1.7673851E+002,-6.8239643E-002, 0.0000000E+000, 0.0000000E+000, 0.0000000E+000, 2.0639483E+002, 2.1593815E+002, 1.1634729E-002, 1.1634729E-002
 2.8801035E+002, 5.5037631E+002,-1.4505311E+002,-7.2571894E+000,-1.7766746E+002,-6.9146603E-002, 0.0000000E+000, 0.0000000E+000, 0.0000000E+000, 2.1078885E+002, 2.2032940E+002, 1.1780899E-002, 1.1780899E-002
 2.8981595E+002, 5.5593093E+002,-1.4576401E+002,-7.4976196E+000,-1.7757832E+002,-7.0040600E-002, 0.0000000E+000, 0.0000000E+000, 0.0000000E+000, 2.1808273E+002, 2.2502094E+002, 1.1929309E-002, 1.1929309E-002
 2.9160611E+002, 5.6135383E+002,-1.4908767E+002,-9.6149420E+000,-1.8342766E+002,-7.0816505E-002, 0.0000000E+000, 0.0000000E+000, 0.0000000E+000, 2.0819211E+002, 2.1915275E+002, 1.2078248E-002, 1.2078248E-002
 2.9340915E+002, 5.7090415E+002,-1.5069476E+002,-8.8396513E+000,-1.8562967E+002,-7.1678048E-002, 0.0000000E+000, 0.0000000E+000, 0.0000000E+000, 2.1512225E+002, 2.2566840E+002, 1.2228004E-002, 1.2228004E-002
 2.9521896E+002, 5.7722571E+002,-1.5396684E+002,-8.1704947E+000,-1.8739554E+002,-7.2600930E-002, 0.0000000E+000, 0.0000000E+000, 0.0000000E+000, 2.2029249E+002, 2.2762023E+002, 1.2379494E-002, 1.2379494E-002
 2.9701273E+002, 5.8354619E+002,-1.5493555E+002,-1.0995209E+001,-1.9021395E+002,-7.3496639E-002, 0.0000000E+000, 0.0000000E+000, 0.0000000E+000, 2.1540688E+002, 2.2732798E+002, 1.2531542E-002, 1.2531542E-002
 2.9880307E+002, 5.9168705E+002,-1.5754291E+002,-1.2026911E+001,-1.9088989E+002,-7.4330209E-002, 0.0000000E+000, 0.0000000E+000, 0.0000000E+000, 2.2122457E+002, 2.3115301E+002, 1.2683627E-002, 1.2683627E-002
 3.0062997E+002, 6.0067994E+002,-1.6135849E+002,-9.2134601E+000,-1.9389976E+002,-7.5220653E-002, 0.0000000E+000, 0.0000000E+000, 0.0000000E+000, 2.2932843E+002, 2.3613302E+002, 1.2838093E-002, 1.2838093E-002
 3.0241986E+002, 6.0421950E+002,-1.6190196E+002,-1.2778501E+001,-1.9767865E+002,-7.6184585E-002, 0.0000000E+000, 0.0000000E+000, 0.0000000E+000, 2.2247327E+002, 2.3178420E+002, 1.2993356E-002, 1.2993356E-002
 3.0421689E+002, 6.1128061E+002,-1.6507460E+002,-1.4434395E+001,-2.0185295E+002,-7.6979665E-002, 0.0000000E+000, 0.0000000E+000, 0.0000000E+000, 2.2003940E+002, 2.2984167E+002, 1.3148390E-002, 1.3148390E-002
 3.0600220E+002, 6.2111671E+002,-1.6756557E+002,-1.3914531E+001,-2.0644040E+002,-7.7862223E-002, 0.0000000E+000, 0.0000000E+000, 0.0000000E+000, 2.2280069E+002, 2.3311835E+002, 1.3304134E-002, 1.3304134E-002
 3.0782202E+002, 6.2800963E+002,-1.6973145E+002,-1.6672038E+001,-2.0684695E+002,-7.8819310E-002, 0.0000000E+000, 0.0000000E+000, 0.0000000E+000, 2.2765153E+002, 2.3468037E+002, 1.3461825E-002, 1.3461825E-002
 3.0962924E+002, 6.3403445E+002,-1.7257774E+002,-1.5741667E+001,-2.1108187E+002,-7.9721927E-002, 0.0000000E+000, 0.0000000E+000, 0.0000000E+000, 2.2308423E+002, 2.3455345E+002, 1.3621328E-002, 1.3621328E-002
 3.1141000E+002, 6.4285641E+002,-1.7479179E+002,-1.4792108E+001,-2.1398302E+002,-8.0658513E-002, 0.0000000E+000, 0.0000000E+000, 0.0000000E+000, 2.3013999E+002, 2.3920883E+002, 1.3780040E-002, 1.3780040E-002
 3.1322437E+002, 6.4986585E+002,-1.7815992E+002,-1.7869010E+001,-2.1762105E+002,-8.1498190E-002, 0.0000000E+000, 0.0000000E+000, 0.0000000E+000, 2.2337405E+002, 2.3613436E+002, 1.3940010E-002, 1.3940010E-002
 3.1503131E+002, 6.5723230E+002,-1.8002885E+002,-1.9699649E+001,-2.1881945E+002,-8.2406655E-002, 0.0000000E+000, 0.0000000E+000, 0.0000000E+000, 2.2749259E+002, 2.3860195E+002, 1.4102232E-002, 1.4102232E-002
 3.1681143E+002, 6.6673555E+002,-1.8214086E+002,-2.2400694E+001,-2.2199925E+002,-8.3385157E-002, 0.0000000E+000, 0.0000000E+000, 0.0000000E+000, 2.3073703E+002, 2.4011137E+002, 1.4263696E-002, 1.4263696E-002
 3.1861676E+002, 6.7051976E+002,-1.8557779E+002,-1.8827645E+001,-2.2791423E+002,-8.4224987E-002, 0.0000000E+000, 0.0000000E+000, 0.0000000E+000, 2.2551755E+002, 2.3811587E+002, 1.4425960E-002, 1.4425960E-002
 3.2041971E+002, 6.8358728E+002,-1.8799708E+002,-2.4491435E+001,-2.3276291E+002,-8.5248987E-002, 0.0000000E+000, 0.0000000E+000, 0.0000000E+000, 2.2857690E+002, 2.3825060E+002, 1.4590259E-002, 1.4590259E-002
 3.2221478E+002, 6.8496397E+002,-1.9086716E+002,-2.4374569E+001,-2.3645432E+002,-8.6227187E-002, 0.0000000E+000, 0.0000000E+000, 0.0000000E+000, 2.2175461E+002, 2.3318170E+002, 1.4755052E-002, 1.4755052E-002
 3.2403061E+002, 6.9823520E+002,-1.9385528E+002,-2.1773624E+001,-2.3949466E+002,-8.7122502E-002, 0.0000000E+000, 0.0000000E+000, 0.0000000E+000, 2.3194331E+002, 2.4302451E+002, 1.4921257E-002, 1.4921257E-002
 3.2581766E+002, 7.0262764E+002,-1.9588039E+002,-2.5792736E+001,-2.4435795E+002,-8.8205244E-002, 0.0000000E+000, 0.0000000E+000, 0.0000000E+000, 2.2680079E+002, 2.3650836E+002, 1.5088089E-002, 1.5088089E-002
 3.2761673E+002, 7.1110709E+002,-1.9988817E+002,-2.3704384E+001,-2.4648916E+002,-8.9184494E-002, 0.0000000E+000, 0.0000000E+000, 0.0000000E+000, 2.2866303E+002, 2.4093620E+002, 1.5255113E-002, 1.5255113E-002
 3.2942645E+002, 7.2042198E+002,-2.0232113E+002,-2.5881631E+001,-2.4938485E+002,-9.0004256E-002, 0.0000000E+000, 0.0000000E+000, 0.0000000E+000, 2.3273973E+002, 2.4274437E+002, 1.5424013E-002, 1.5424013E-002
 3.3121725E+002, 7.2656591E+002,-2.0313301E+002,-2.6907177E+001,-2.5103917E+002,-9.0972706E-002, 0.0000000E+000, 0.0000000E+000, 0.0000000E+000, 2.3438270E+002, 2.4539558E+002, 1.5593523E-002, 1.5593523E-002
 3.3302158E+002, 7.3296822E+002,-2.0541830E+002,-2.5979340E+001,-2.5165133E+002,-9.1924045E-002, 0.0000000E+000, 0.0000000E+000, 0.0000000E+000, 2.3663171E+002, 2.4982732E+002, 1.5763735E-002, 1.5763735E-002
 3.3481885E+002, 7.4339664E+002,-2.1072348E+002,-3.4063507E+001,-2.5668088E+002,-9.2942060E-002, 0.0000000E+000, 0.0000000E+000, 0.0000000E+000, 2.2865894E+002, 2.4183584E+002, 1.5935067E-002, 1.5935067E-002
 3.3663196E+002, 7.5338680E+002,-2.1214185E+002,-3.2336761E+001,-2.6091940E+002,-9.3876390E-002, 0.0000000E+000, 0.0000000E+000, 0.0000000E+000, 2.3554303E+002, 2.4789491E+002, 1.6107827E-002, 1.6107827E-002
 3.3842896E+002, 7.5969212E+002,-2.1384444E+002,-3.2094942E+001,-2.6332474E+002,-9.5073692E-002, 0.0000000E+000, 0.0000000E+000, 0.0000000E+000, 2.3931964E+002, 2.5033292E+002, 1.6281425E-002, 1.6281425E-002
 3.4021896E+002, 7.6528562E+002,-2.1823005E+002,-3.9625354E+001,-2.6582606E+002,-9.5904095E-002, 0.0000000E+000, 0.0000000E+000, 0.0000000E+000, 2.2895958E+002, 2.4150825E+002, 1.6454952E-002, 1.6454952E-002
 3.4201294E+002, 7.7683289E+002,-2.2113074E+002,-3.7164696E+001,-2.6823680E+002,-9.6936782E-002, 0.0000000E+000, 0.0000000E+000, 0.0000000E+000, 2.3786520E+002, 2.5020373E+002, 1.6629235E-002, 1.6629235E-002
 3.4382391E+002, 7.8112029E+002,-2.2234102E+002,-3.8614119E+001,-2.7058214E+002,-9.7896115E-002, 0.0000000E+000, 0.0000000E+000, 0.0000000E+000, 2.3857395E+002, 2.4948510E+002, 1.6805450E-002, 1.6805450E-002
 3.4562640E+002, 7.9534219E+002,-2.2822482E+002,-4.1360558E+001,-2.7606965E+002,-9.8785582E-002, 0.0000000E+000, 0.0000000E+000, 0.0000000E+000, 2.3813667E+002, 2.4958837E+002, 1.6982864E-002, 1.6982864E-002
 3.4742435E+002, 7.9789650E+002,-2.2832392E+002,-3.9389711E+001,-2.7976763E+002,-9.9880772E-002, 0.0000000E+000, 0.0000000E+000, 0.0000000E+000, 2.3824160E+002, 2.5031536E+002, 1.7160719E-002, 1.7160719E-002
 3.4922479E+002, 8.0765831E+002,-2.3158969E+002,-4.3807344E+001,-2.8555356E+002,-1.0077639E-001, 0.0000000E+000, 0.0000000E+000, 0.0000000E+000, 2.3538757E+002, 2.4660694E+002, 1.7339328E-002, 1.7339328E-002
 3.5102350E+002, 8.1862344E+002,-2.3583814E+002,-4.0134175E+001,-2.8921780E+002,-1.0181349E-001, 0.0000000E+000, 0.0000000E+000, 0.0000000E+000, 2.4321251E+002, 2.5333151E+002, 1.7519022E-002, 1.7519022E-002
 3.5280042E+002, 8.2536869E+002,-2.3950544E+002,-4.2308939E+001,-2.9211633E+002,-1.0274667E-001, 0.0000000E+000, 0.0000000E+000, 0.0000000E+000, 2.3703967E+002, 2.5133523E+002, 1.7698394E-002, 1.7698394E-002
 3.5461612E+002, 8.3702889E+002,-2.4145681E+002,-5.1278996E+001,-2.9389025E+002,-1.0390973E-001, 0.0000000E+000, 0.0000000E+000, 0.0000000E+000, 2.3949669E+002, 2.5029893E+002, 1.7879478E-002, 1.7879478E-002
 3.5642197E+002, 8.4051168E+002,-2.4447429E+002,-4.6088383E+001,-2.9988290E+002,-1.0498539E-001, 0.0000000E+000, 0.0000000E+000, 0.0000000E+000, 2.3693378E+002, 2.4996112E+002, 1.8062890E-002, 1.8062890E-002
 3.5820178E+002, 8.4969138E+002,-2.4728564E+002,-4.9482067E+001,-3.0196725E+002,-1.0599768E-001, 0.0000000E+000, 0.0000000E+000, 0.0000000E+000, 2.3855580E+002, 2.5085042E+002, 1.8245597E-002, 1.8245597E-002
 3.6002802E+002, 8.5827005E+002,-2.5070726E+002,-4.7375902E+001,-3.0590825E+002,-1.0701744E-001, 0.0000000E+000, 0.0000000E+000, 0.0000000E+000, 2.3992918E+002, 2.5417161E+002, 1.8430182E-002, 1.8430182E-002
 3.6181174E+002, 8.6967668E+002,-2.5371793E+002,-5.0700247E+001,-3.0620469E+002,-1.0804771E-001, 0.0000000E+000, 0.0000000E+000, 0.0000000E+000, 2.4744237E+002, 2.5894577E+002, 1.8615948E-002, 1.8615948E-002
 3.6360342E+002, 8.7379517E+002,-2.5566508E+002,-5.6238951E+001,-3.1300688E+002,-1.0910027E-001, 0.0000000E+000, 0.0000000E+000, 0.0000000E+000, 2.3758676E+002, 2.4877515E+002, 1.8800741E-002, 1.8800741E-002
 3.6540631E+002, 8.8363708E+002,-2.6066825E+002,-5.5448982E+001,-3.1847150E+002,-1.0996477E-001, 0.0000000E+000, 0.0000000E+000, 0.0000000E+000, 2.3560227E+002, 2.4893839E+002, 1.8987673E-002, 1.8987673E-002
 3.6720645E+002, 8.9718407E+002,-2.6179422E+002,-5.8447840E+001,-3.1796955E+002,-1.1122348E-001, 0.0000000E+000, 0.0000000E+000, 0.0000000E+000, 2.4674385E+002, 2.5886124E+002, 1.9175715E-002, 1.9175715E-002
 3.6900528E+002, 9.0542015E+002,-2.6786938E+002,-5.8353652E+001,-3.2799541E+002,-1.1231449E-001, 0.0000000E+000, 0.0000000E+000, 0.0000000E+000, 2.3793147E+002, 2.5108939E+002, 1.9364605E-002, 1.9364605E-002
 3.7082516E+002, 9.0951424E+002,-2.6691085E+002,-5.5282908E+001,-3.3345370E+002,-1.1344076E-001, 0.0000000E+000, 0.0000000E+000, 0.0000000E+000, 2.4033741E+002, 2.5375334E+002, 1.9555389E-002, 1.9555389E-002
 3.7261343E+002, 9.2212117E+002,-2.7327231E+002,-6.6123917E+001,-3.2519324E+002,-1.1449374E-001, 0.0000000E+000, 0.0000000E+000, 0.0000000E+000, 2.4354931E+002, 2.5741721E+002, 1.9746678E-002, 1.9746678E-002
 3.7442789E+002, 9.3148849E+002,-2.7616535E+002,-5.8503048E+001,-3.3249419E+002,-1.1560622E-001, 0.0000000E+000, 0.0000000E+000, 0.0000000E+000, 2.5007673E+002, 2.6421029E+002, 1.9938419E-002, 1.9938419E-002
 3.7621835E+002, 9.3613563E+002,-2.7919483E+002,-6.3863604E+001,-3.4368189E+002,-1.1667696E-001, 0.0000000E+000, 0.0000000E+000, 0.0000000E+000, 2.4012956E+002, 2.4927864E+002, 2.0131318E-002, 2.0131318E-002
 3.7801874E+002, 9.4927149E+002,-2.8171253E+002,-6.8052257E+001,-3.4639570E+002,-1.1773929E-001, 0.0000000E+000, 0.0000000E+000, 0.0000000E+000, 2.3862068E+002, 2.5299326E+002, 2.0324305E-002, 2.0324305E-002
 3.7980777E+002, 9.6047687E+002,-2.8715154E+002,-6.3293256E+001,-3.4444394E+002,-1.1886400E-001, 0.0000000E+000, 0.0000000E+000, 0.0000000E+000, 2.5212986E+002, 2.6546927E+002, 2.0518239E-002, 2.0518239E-002
 3.8161996E+002, 9.6064793E+002,-2.8735568E+002,-7.1294148E+001,-3.5515087E+002,-1.1988834E-001, 0.0000000E+000, 0.0000000E+000, 0.0000000E+000, 2.3650000E+002, 2.4672735E+002, 2.0713646E-002, 2.0713646E-002
 3.8342239E+002, 9.7868633E+002,-2.9209110E+002,-6.9880107E+001,-3.5860409E+002,-1.2107714E-001, 0.0000000E+000, 0.0000000E+000, 0.0000000E+000, 2.4609286E+002, 2.5798995E+002, 2.0910859E-002, 2.0910859E-002
 3.8520517E+002, 9.8126189E+002,-2.9541015E+002,-6.7645685E+001,-3.6446316E+002,-1.2216528E-001, 0.0000000E+000, 0.0000000E+000, 0.0000000E+000, 2.3815256E+002, 2.5362073E+002, 2.1107167E-002, 2.1107167E-002
 3.8702643E+002, 9.8850344E+002,-2.9817022E+002,-7.9880071E+001,-3.6904222E+002,-1.2312051E-001, 0.0000000E+000, 0.0000000E+000, 0.0000000E+000, 2.2989440E+002, 2.4128780E+002, 2.1305691E-002, 2.1305691E-002
 3.8882532E+002, 1.0061190E+003,-3.0417925E+002,-6.7267998E+001,-3.7375842E+002,-1.2423114E-001, 0.0000000E+000, 0.0000000E+000, 0.0000000E+000, 2.4641371E+002, 2.6078907E+002, 2.1505834E-002, 2.1505834E-002
 3.9060919E+002, 1.0158397E+003,-3.0560619E+002,-7.8711842E+001,-3.7217285E+002,-1.2551875E-001, 0.0000000E+000, 0.0000000E+000, 0.0000000E+000, 2.4780669E+002, 2.5922327E+002, 2.1704940E-002, 2.1704940E-002
 3.9241867E+002, 1.0196730E+003,-3.1109515E+002,-7.8799262E+001,-3.7604173E+002,-1.2648927E-001, 0.0000000E+000, 0.0000000E+000, 0.0000000E+000, 2.4107753E+002, 2.5361038E+002, 2.1905580E-002, 2.1905580E-002
 3.9421936E+002, 1.0343532E+003,-3.1130931E+002,-6.6586477E+001,-3.8175527E+002,-1.2782630E-001, 0.0000000E+000, 0.0000000E+000, 0.0000000E+000, 2.6361772E+002, 2.7457430E+002, 2.2107866E-002, 2.2107866E-002
 3.9601071E+002, 1.0349107E+003,-3.1609288E+002,-8.1015478E+001,-3.8566118E+002,-1.2886300E-001, 0.0000000E+000, 0.0000000E+000, 0.0000000E+000, 2.3753359E+002, 2.5201231E+002, 2.2310284E-002, 2.2310284E-002
 3.9781604E+002, 1.0562243E+003,-3.2261645E+002,-7.5961529E+001,-3.8972684E+002,-1.2995706E-001, 0.0000000E+000, 0.0000000E+000, 0.0000000E+000, 2.5175579E+002, 2.6778951E+002, 2.2513878E-002, 2.2513878E-002
 3.9961893E+002, 1.0562174E+003,-3.2301789E+002,-8.5371274E+001,-3.9541251E+002,-1.3118990E-001, 0.0000000E+000, 0.0000000E+000, 0.0000000E+000, 2.3699321E+002, 2.5228458E+002, 2.2718838E-002, 2.2718838E-002
 4.0140155E+002, 1.0693281E+003,-3.2925080E+002,-7.8385818E+001,-3.9355173E+002,-1.3225188E-001, 0.0000000E+000, 0.0000000E+000, 0.0000000E+000, 2.5374231E+002, 2.6800749E+002, 2.2923646E-002, 2.2923646E-002
 4.0321680E+002, 1.0817477E+003,-3.3192889E+002,-8.6715864E+001,-4.0027101E+002,-1.3322557E-001, 0.0000000E+000, 0.0000000E+000, 0.0000000E+000, 2.4716543E+002, 2.6269867E+002, 2.3130007E-002, 2.3130007E-002
 4.0501926E+002, 1.0835374E+003,-3.3569523E+002,-8.8180784E+001,-4.0316317E+002,-1.3475977E-001, 0.0000000E+000, 0.0000000E+000, 0.0000000E+000, 2.4325322E+002, 2.5636349E+002, 2.3338476E-002, 2.3338476E-002
 4.0683063E+002, 1.0990640E+003,-3.3860108E+002,-9.5665591E+001,-4.0104232E+002,-1.3586384E-001, 0.0000000E+000, 0.0000000E+000, 0.0000000E+000, 2.4755291E+002, 2.6361912E+002, 2.3547667E-002, 2.3547667E-002
 4.0861615E+002, 1.1083182E+003,-3.4094123E+002,-9.4567257E+001,-4.0722481E+002,-1.3706438E-001, 0.0000000E+000, 0.0000000E+000, 0.0000000E+000, 2.5028933E+002, 2.6544782E+002, 2.3756778E-002, 2.3756778E-002
 4.1040182E+002, 1.1157480E+003,-3.4564392E+002,-1.0219057E+002,-4.1362029E+002,-1.3807951E-001, 0.0000000E+000, 0.0000000E+000, 0.0000000E+000, 2.3891742E+002, 2.5415510E+002, 2.3965318E-002, 2.3965318E-002
 4.1220740E+002, 1.1332084E+003,-3.5245056E+002,-9.1583237E+001,-4.1360360E+002,-1.3949681E-001, 0.0000000E+000, 0.0000000E+000, 0.0000000E+000, 2.6214365E+002, 2.7543149E+002, 2.4175939E-002, 2.4175939E-002
 4.1400824E+002, 1.1371386E+003,-3.5417076E+002,-1.0958740E+002,-4.2321569E+002,-1.4069349E-001, 0.0000000E+000, 0.0000000E+000, 0.0000000E+000, 2.3351403E+002, 2.5002410E+002, 2.4388300E-002, 2.4388300E-002
 4.1581900E+002, 1.1504502E+003,-3.5907457E+002,-9.2791519E+001,-4.2991401E+002,-1.4198630E-001, 0.0000000E+000, 0.0000000E+000, 0.0000000E+000, 2.5545196E+002, 2.6852815E+002, 2.4601940E-002, 2.4601940E-002
 4.1760455E+002, 1.1535808E+003,-3.6207029E+002,-1.0392864E+002,-4.2803822E+002,-1.4319141E-001, 0.0000000E+000, 0.0000000E+000, 0.0000000E+000, 2.4426567E+002, 2.5940046E+002, 2.4815708E-002, 2.4815708E-002
 4.1942383E+002, 1.1674982E+003,-3.7215967E+002,-1.0140061E+002,-4.3519239E+002,-1.4438916E-001, 0.0000000E+000, 0.0000000E+000, 0.0000000E+000, 2.4696330E+002, 2.5860110E+002, 2.5030822E-002, 2.5030822E-002
 4.2122565E+002, 1.1736318E+003,-3.7211805E+002,-1.0815335E+002,-4.4086883E+002,-1.4496464E-001, 0.0000000E+000, 0.0000000E+000, 0.0000000E+000, 2.3770400E+002, 2.5234660E+002, 2.5247819E-002, 2.5247819E-002
 4.2302225E+002, 1.1855059E+003,-3.7399690E+002,-1.1002719E+002,-4.4625065E+002,-1.4622168E-001, 0.0000000E+000, 0.0000000E+000, 0.0000000E+000, 2.3805486E+002, 2.5508495E+002, 2.5464408E-002, 2.5464408E-002
 4.2480411E+002, 1.2036867E+003,-3.8071261E+002,-1.1175903E+002,-4.4503167E+002,-1.4760762E-001, 0.0000000E+000, 0.0000000E+000, 0.0000000E+000, 2.5225667E+002, 2.6603577E+002, 2.5680761E-002, 2.5680761E-002
 4.2661774E+002, 1.2074083E+003,-3.8255580E+002,-1.0941982E+002,-4.3735933E+002,-1.4914076E-001, 0.0000000E+000, 0.0000000E+000, 0.0000000E+000, 2.6164848E+002, 2.7792419E+002, 2.5899037E-002, 2.5899037E-002
 4.2841742E+002, 1.2202972E+003,-3.8622614E+002,-1.1769756E+002,-4.4405140E+002,-1.5021385E-001, 0.0000000E+000, 0.0000000E+000, 0.0000000E+000, 2.5856399E+002, 2.7217189E+002, 2.6119289E-002, 2.6119289E-002
 4.3020212E+002, 1.2302390E+003,-3.8990132E+002,-1.1352064E+002,-4.4714367E+002,-1.5163695E-001, 0.0000000E+000, 0.0000000E+000, 0.0000000E+000, 2.6659943E+002, 2.7952173E+002, 2.6338798E-002, 2.6338798E-002
 4.3200320E+002, 1.2421448E+003,-3.9644282E+002,-1.0997285E+002,-4.5226738E+002,-1.5274548E-001, 0.0000000E+000, 0.0000000E+000, 0.0000000E+000, 2.6702313E+002, 2.8330897E+002, 2.6559256E-002, 2.6559256E-002
 4.3380295E+002, 1.2419103E+003,-4.0051185E+002,-1.2728639E+002,-4.6034505E+002,-1.5421533E-001, 0.0000000E+000, 0.0000000E+000, 0.0000000E+000, 2.3825830E+002, 2.5361277E+002, 2.6781545E-002, 2.6781545E-002
 4.3560706E+002, 1.2561793E+003,-4.0602055E+002,-1.1015696E+002,-4.7039364E+002,-1.5497720E-001, 0.0000000E+000, 0.0000000E+000, 0.0000000E+000, 2.5342974E+002, 2.6945320E+002, 2.7004831E-002, 2.7004831E-002
 4.3741263E+002, 1.2772122E+003,-4.1220383E+002,-1.3120200E+002,-4.7531059E+002,-1.5635232E-001, 0.0000000E+000, 0.0000000E+000, 0.0000000E+000, 2.4470512E+002, 2.5833944E+002, 2.7229500E-002, 2.7229500E-002
 4.3920984E+002, 1.2807625E+003,-4.1538657E+002,-1.2459875E+002,-4.8112484E+002,-1.5772089E-001, 0.0000000E+000, 0.0000000E+000, 0.0000000E+000, 2.4287141E+002, 2.5949465E+002, 2.7454714E-002, 2.7454714E-002
 4.4101529E+002, 1.2880867E+003,-4.1640586E+002,-1.2165907E+002,-4.8474977E+002,-1.5901390E-001, 0.0000000E+000, 0.0000000E+000, 0.0000000E+000, 2.4867347E+002, 2.6511300E+002, 2.7680892E-002, 2.7680892E-002
 4.4280902E+002, 1.3006128E+003,-4.2387582E+002,-1.3050810E+002,-4.9127057E+002,-1.6005447E-001, 0.0000000E+000, 0.0000000E+000, 0.0000000E+000, 2.3612123E+002, 2.5479821E+002, 2.7907614E-002, 2.7907614E-002
 4.4460672E+002, 1.3092499E+003,-4.2756221E+002,-1.3061540E+002,-4.9519171E+002,-1.6134337E-001, 0.0000000E+000, 0.0000000E+000, 0.0000000E+000, 2.3663701E+002, 2.5571926E+002, 2.8134878E-002, 2.8134878E-002
 4.4641351E+002, 1.3206541E+003,-4.3071633E+002,-1.1776870E+002,-4.9480269E+002,-1.6249929E-001, 0.0000000E+000, 0.0000000E+000, 0.0000000E+000, 2.6072604E+002, 2.7720391E+002, 2.8363920E-002, 2.8363920E-002
 4.4821356E+002, 1.3394828E+003,-4.4135697E+002,-1.3634358E+002,-5.0025740E+002,-1.6381165E-001, 0.0000000E+000, 0.0000000E+000, 0.0000000E+000, 2.4535995E+002, 2.6136099E+002, 2.8593980E-002, 2.8593980E-002
 4.5000256E+002, 1.3306619E+003,-4.4122361E+002,-1.2478040E+002,-5.0430862E+002,-1.6474247E-001, 0.0000000E+000, 0.0000000E+000, 0.0000000E+000, 2.4364949E+002, 2.6018449E+002, 2.8823946E-002, 2.8823946E-002
 4.5180011E+002, 1.3670890E+003,-4.4997254E+002,-1.4297159E+002,-5.0915760E+002,-1.6620422E-001, 0.0000000E+000, 0.0000000E+000, 0.0000000E+000, 2.4589953E+002, 2.6482102E+002, 2.9054494E-002, 2.9054494E-002
 4.5361600E+002, 1.3704559E+003,-4.5276944E+002,-1.2793076E+002,-5.1700129E+002,-1.6758110E-001, 0.0000000E+000, 0.0000000E+000, 0.0000000E+000, 2.5203464E+002, 2.7258682E+002, 2.9287859E-002, 2.9287859E-002
 4.5542032E+002, 1.3711041E+003,-4.5870420E+002,-1.3949607E+002,-5.2465261E+002,-1.6884349E-001, 0.0000000E+000, 0.0000000E+000, 0.0000000E+000, 2.2939904E+002, 2.4808238E+002, 2.9522442E-002, 2.9522442E-002
 4.5721542E+002, 1.3895412E+003,-4.5972723E+002,-1.3659264E+002,-5.2073622E+002,-1.7024103E-001, 0.0000000E+000, 0.0000000E+000, 0.0000000E+000, 2.5604179E+002, 2.7231489E+002, 2.9756660E-002, 2.9756660E-002
 4.5901050E+002, 1.3998593E+003,-4.6504493E+002,-1.4434126E+002,-5.2732955E+002,-1.7150362E-001, 0.0000000E+000, 0.0000000E+000, 0.0000000E+000, 2.4512867E+002, 2.6297206E+002, 2.9991194E-002, 2.9991194E-002
 4.6080966E+002, 1.4108407E+003,-4.7135571E+002,-1.4771810E+002,-5.2599420E+002,-1.7309711E-001, 0.0000000E+000, 0.0000000E+000, 0.0000000E+000, 2.4977439E+002, 2.6559962E+002, 3.0227029E-002, 3.0227029E-002
 4.6262250E+002, 1.4084608E+003,-4.7288541E+002,-1.3472311E+002,-5.3076776E+002,-1.7439493E-001, 0.0000000E+000, 0.0000000E+000, 0.0000000E+000, 2.5314559E+002, 2.6991009E+002, 3.0464885E-002, 3.0464885E-002
 4.6440775E+002, 1.4456734E+003,-4.8580320E+002,-1.5110998E+002,-5.3672861E+002,-1.7530056E-001, 0.0000000E+000, 0.0000000E+000, 0.0000000E+000, 2.5409164E+002, 2.7185630E+002, 3.0702746E-002, 3.0702746E-002
 4.6622180E+002, 1.4472853E+003,-4.8823751E+002,-1.5234497E+002,-5.4316980E+002,-1.7705657E-001, 0.0000000E+000, 0.0000000E+000, 0.0000000E+000, 2.4767741E+002, 2.6335602E+002, 3.0941668E-002, 3.0941668E-002
 4.6800934E+002, 1.4325627E+003,-4.8887618E+002,-1.4565191E+002,-5.4177225E+002,-1.7763920E-001, 0.0000000E+000, 0.0000000E+000, 0.0000000E+000, 2.3478735E+002, 2.5608476E+002, 3.1181562E-002, 3.1181562E-002
 4.6980191E+002, 1.4764256E+003,-4.9553332E+002,-1.6242088E+002,-5.5328907E+002,-1.7904178E-001, 0.0000000E+000, 0.0000000E+000, 0.0000000E+000, 2.4716259E+002, 2.6500332E+002, 3.1421030E-002, 3.1421030E-002
 4.7160297E+002, 1.4627954E+003,-4.9809102E+002,-1.5395425E+002,-5.5707389E+002,-1.8008382E-001, 0.0000000E+000, 0.0000000E+000, 0.0000000E+000, 2.3353663E+002, 2.5349612E+002, 3.1662209E-002, 3.1662209E-002
 4.7340228E+002, 1.5043186E+003,-5.0786974E+002,-1.7203677E+002,-5.6899190E+002,-1.8228295E-001, 0.0000000E+000, 0.0000000E+000, 0.0000000E+000, 2.4137003E+002, 2.5523794E+002, 3.1904834E-002, 3.1904834E-002
 4.7520578E+002, 1.4894531E+003,-5.1403444E+002,-1.6275043E+002,-5.6601348E+002,-1.8323698E-001, 0.0000000E+000, 0.0000000E+000, 0.0000000E+000, 2.3018754E+002, 2.4647157E+002, 3.2148651E-002, 3.2148651E-002
 4.7700851E+002, 1.5109506E+003,-5.2170310E+002,-1.6253452E+002,-5.7168710E+002,-1.8436988E-001, 0.0000000E+000, 0.0000000E+000, 0.0000000E+000, 2.3577584E+002, 2.5484147E+002, 3.2393463E-002, 3.2393463E-002
 4.7881433E+002, 1.5250002E+003,-5.2215561E+002,-1.7091390E+002,-5.7611748E+002,-1.8620221E-001, 0.0000000E+000, 0.0000000E+000, 0.0000000E+000, 2.3607814E+002, 2.5562696E+002, 3.2639457E-002, 3.2639457E-002
 4.8060162E+002, 1.5395615E+003,-5.2580659E+002,-1.7954014E+002,-5.8333993E+002,-1.8769978E-001, 0.0000000E+000, 0.0000000E+000, 0.0000000E+000, 2.3395832E+002, 2.5068711E+002, 3.2885195E-002, 3.2885195E-002
 4.8240714E+002, 1.5409268E+003,-5.2909323E+002,-1.7439715E+002,-5.8553301E+002,-1.8907721E-001, 0.0000000E+000, 0.0000000E+000, 0.0000000E+000, 2.3310115E+002, 2.5171435E+002, 3.3132119E-002, 3.3132119E-002
 4.8420441E+002, 1.5665917E+003,-5.3873225E+002,-1.7625385E+002,-5.9456546E+002,-1.8984792E-001, 0.0000000E+000, 0.0000000E+000, 0.0000000E+000, 2.3800296E+002, 2.5685031E+002, 3.3380425E-002, 3.3380425E-002
 4.8601703E+002, 1.5717276E+003,-5.4133792E+002,-1.8672635E+002,-6.0360941E+002,-1.9118459E-001, 0.0000000E+000, 0.0000000E+000, 0.0000000E+000, 2.1760373E+002, 2.3986278E+002, 3.3630195E-002, 3.3630195E-002
 4.8780521E+002, 1.5773362E+003,-5.4724085E+002,-1.8612433E+002,-6.0606403E+002,-1.9291339E-001, 0.0000000E+000, 0.0000000E+000, 0.0000000E+000, 2.2532622E+002, 2.3771403E+002, 3.3880233E-002, 3.3880233E-002
 4.8962479E+002, 1.5634685E+003,-5.5351655E+002,-1.7341149E+002,-6.1272358E+002,-1.9342688E-001, 0.0000000E+000, 0.0000000E+000, 0.0000000E+000, 2.0551095E+002, 2.2362345E+002, 3.4131649E-002, 3.4131649E-002
 4.9142343E+002, 1.6240151E+003,-5.5880288E+002,-2.0525797E+002,-6.0746966E+002,-1.9516596E-001, 0.0000000E+000, 0.0000000E+000, 0.0000000E+000, 2.3585962E+002, 2.5228941E+002, 3.4384891E-002, 3.4384891E-002
 4.9320355E+002, 1.6065416E+003,-5.6197781E+002,-1.8734145E+002,-6.1069094E+002,-1.9698229E-001, 0.0000000E+000, 0.0000000E+000, 0.0000000E+000, 2.2727307E+002, 2.4633443E+002, 3.4636233E-002, 3.4636233E-002
 4.9501736E+002, 1.6222084E+003,-5.6130433E+002,-1.9740264E+002,-6.1184218E+002,-1.9774668E-001, 0.0000000E+000, 0.0000000E+000, 0.0000000E+000, 2.3036845E+002, 2.5146152E+002, 3.4889481E-002, 3.4889481E-002
 4.9680353E+002, 1.6432913E+003,-5.7277848E+002,-2.0024649E+002,-6.1763616E+002,-1.9927357E-001, 0.0000000E+000, 0.0000000E+000, 0.0000000E+000, 2.3020007E+002, 2.5243091E+002, 3.5144174E-002, 3.5144174E-002
 4.9860516E+002, 1.6620723E+003,-5.7895825E+002,-2.1735431E+002,-6.2151183E+002,-2.0085737E-001, 0.0000000E+000, 0.0000000E+000, 0.0000000E+000, 2.2798026E+002, 2.4404709E+002, 3.5398923E-002, 3.5398923E-002
 5.0041312E+002, 1.6656031E+003,-5.8926181E+002,-2.1947112E+002,-6.3088879E+002,-2.0182030E-001, 0.0000000E+000, 0.0000000E+000, 0.0000000E+000, 2.0956114E+002, 2.2577960E+002, 3.5655995E-002, 3.5655995E-002
 5.0220499E+002, 1.6757697E+003,-5.9162355E+002,-2.0129085E+002,-6.3012647E+002,-2.0322333E-001, 0.0000000E+000, 0.0000000E+000, 0.0000000E+000, 2.2728285E+002, 2.5252560E+002, 3.5913352E-002, 3.5913352E-002
 5.0401691E+002, 1.6906549E+003,-5.9180140E+002,-2.2990874E+002,-6.3273324E+002,-2.0495043E-001, 0.0000000E+000, 0.0000000E+000, 0.0000000E+000, 2.1851230E+002, 2.3600658E+002, 3.6172082E-002, 3.6172082E-002
 5.0580188E+002, 1.6950226E+003,-6.0552873E+002,-1.9557056E+002,-6.4353904E+002,-2.0687973E-001, 0.0000000E+000, 0.0000000E+000, 0.0000000E+000, 2.3114369E+002, 2.5017735E+002, 3.6431144E-002, 3.6431144E-002
 5.0762222E+002, 1.7138223E+003,-6.0610253E+002,-2.3031538E+002,-6.4239590E+002,-2.0817190E-001, 0.0000000E+000, 0.0000000E+000, 0.0000000E+000, 2.1748213E+002, 2.3480031E+002, 3.6691725E-002, 3.6691725E-002
 5.0941217E+002, 1.7168573E+003,-6.1415995E+002,-2.1833067E+002,-6.4505072E+002,-2.0929659E-001, 0.0000000E+000, 0.0000000E+000, 0.0000000E+000, 2.1892886E+002, 2.3910668E+002, 3.6953607E-002, 3.6953607E-002
 5.1120178E+002, 1.7329481E+003,-6.3196985E+002,-2.3101873E+002,-6.4755787E+002,-2.1067024E-001, 0.0000000E+000, 0.0000000E+000, 0.0000000E+000, 2.0643672E+002, 2.2219095E+002, 3.7214178E-002, 3.7214178E-002
 5.1300922E+002, 1.7446300E+003,-6.2691985E+002,-2.3185114E+002,-6.5765076E+002,-2.1199355E-001, 0.0000000E+000, 0.0000000E+000, 0.0000000E+000, 2.0835911E+002, 2.2799629E+002, 3.7476873E-002, 3.7476873E-002
 5.1481580E+002, 1.7553980E+003,-6.3740990E+002,-2.4352563E+002,-6.6785388E+002,-2.1345991E-001, 0.0000000E+000, 0.0000000E+000, 0.0000000E+000, 1.8995058E+002, 2.0639513E+002, 3.7741859E-002, 3.7741859E-002
 5.1660980E+002, 1.7833230E+003,-6.4158063E+002,-2.1283330E+002,-6.7147655E+002,-2.1477745E-001, 0.0000000E+000, 0.0000000E+000, 0.0000000E+000, 2.4251770E+002, 2.5721778E+002, 3.8006697E-002, 3.8006697E-002
 5.1842377E+002, 1.7820651E+003,-6.4592681E+002,-2.4947495E+002,-6.7595171E+002,-2.1672475E-001, 0.0000000E+000, 0.0000000E+000, 0.0000000E+000, 1.9229651E+002, 2.1049490E+002, 3.8273111E-002, 3.8273111E-002
 5.2021381E+002, 1.7701662E+003,-6.4530069E+002,-2.2968813E+002,-6.7823890E+002,-2.1719943E-001, 0.0000000E+000, 0.0000000E+000, 0.0000000E+000, 1.9662193E+002, 2.1672132E+002, 3.8540040E-002, 3.8540040E-002
 5.2201233E+002, 1.8136356E+003,-6.7109287E+002,-2.3727970E+002,-6.7430779E+002,-2.1823700E-001, 0.0000000E+000, 0.0000000E+000, 0.0000000E+000, 2.1511948E+002, 2.3073704E+002, 3.8806798E-002, 3.8806798E-002
 5.2380597E+002, 1.8374773E+003,-6.7514763E+002,-2.5391510E+002,-6.8173374E+002,-2.2018241E-001, 0.0000000E+000, 0.0000000E+000, 0.0000000E+000, 2.1086664E+002, 2.2646063E+002, 3.9074839E-002, 3.9074839E-002
 5.2560077E+002, 1.8193403E+003,-6.8057601E+002,-2.5237736E+002,-6.8892699E+002,-2.2173670E-001, 0.0000000E+000, 0.0000000E+000, 0.0000000E+000, 1.7864073E+002, 1.9723823E+002, 3.9343414E-002, 3.9343414E-002
 5.2740576E+002, 1.8491127E+003,-6.8656258E+002,-2.5862139E+002,-6.9694856E+002,-2.2299534E-001, 0.0000000E+000, 0.0000000E+000, 0.0000000E+000, 1.8249339E+002, 2.0675719E+002, 3.9613695E-002, 3.9613695E-002
 5.2920911E+002, 1.8705438E+003,-6.8985908E+002,-2.5957999E+002,-6.9819191E+002,-2.2538485E-001, 0.0000000E+000, 0.0000000E+000, 0.0000000E+000, 2.0779892E+002, 2.2268742E+002, 3.9885644E-002, 3.9885644E-002
 5.3101624E+002, 1.8686508E+003,-6.8554147E+002,-2.4536010E+002,-7.0487365E+002,-2.2537780E-001, 0.0000000E+000, 0.0000000E+000, 0.0000000E+000, 2.0911141E+002, 2.3265017E+002, 4.0158669E-002, 4.0158669E-002
 5.3281860E+002, 1.8788104E+003,-6.8699569E+002,-2.5204556E+002,-7.0496434E+002,-2.2755177E-001, 0.0000000E+000, 0.0000000E+000, 0.0000000E+000, 2.1809409E+002, 2.3457725E+002, 4.0432645E-002, 4.0432645E-002
 5.3461505E+002, 1.8866607E+003,-6.9698690E+002,-2.6123146E+002,-7.0562275E+002,-2.2882329E-001, 0.0000000E+000, 0.0000000E+000, 0.0000000E+000, 2.0306617E+002, 2.2259078E+002, 4.0706655E-002, 4.0706655E-002
 5.3641577E+002, 1.9465606E+003,-7.1457937E+002,-2.5859738E+002,-7.1240131E+002,-2.3109818E-001, 0.0000000E+000, 0.0000000E+000, 0.0000000E+000, 2.4384398E+002, 2.6075141E+002, 4.0981453E-002, 4.0981453E-002
 5.3820062E+002, 1.9258900E+003,-7.1381098E+002,-2.6913703E+002,-7.2267328E+002,-2.3175284E-001, 0.0000000E+000, 0.0000000E+000, 0.0000000E+000, 2.0334792E+002, 2.2003693E+002, 4.1256305E-002, 4.1256305E-002
 5.4002148E+002, 1.9231069E+003,-7.2643365E+002,-2.6164850E+002,-7.2737092E+002,-2.3332652E-001, 0.0000000E+000, 0.0000000E+000, 0.0000000E+000, 1.9411906E+002, 2.0742047E+002, 4.1533606E-002, 4.1533606E-002
 5.4181787E+002, 1.9335742E+003,-7.3670175E+002,-2.8821341E+002,-7.2843629E+002,-2.3566212E-001, 0.0000000E+000, 0.0000000E+000, 0.0000000E+000, 1.6780649E+002, 1.7998706E+002, 4.1812709E-002, 4.1812709E-002
 5.4360095E+002, 1.9271557E+003,-7.3297700E+002,-2.5813904E+002,-7.3165616E+002,-2.3639152E-001, 0.0000000E+000, 0.0000000E+000, 0.0000000E+000, 1.9184614E+002, 2.0414706E+002, 4.2089873E-002, 4.2089873E-002
 5.4541583E+002, 1.9845479E+003,-7.5680690E+002,-2.5340008E+002,-7.5099189E+002,-2.3827514E-001, 0.0000000E+000, 0.0000000E+000, 0.0000000E+000, 2.1271719E+002, 2.2311077E+002, 4.2369340E-002, 4.2369340E-002
 5.4721747E+002, 1.9648640E+003,-7.3817726E+002,-3.0406884E+002,-7.3892980E+002,-2.4003737E-001, 0.0000000E+000, 0.0000000E+000, 0.0000000E+000, 1.7293316E+002, 1.8344810E+002, 4.2651301E-002, 4.2651301E-002
 5.4900824E+002, 1.9666722E+003,-7.4083316E+002,-2.7184206E+002,-7.3655433E+002,-2.4092338E-001, 0.0000000E+000, 0.0000000E+000, 0.0000000E+000, 2.0574793E+002, 2.1720176E+002, 4.2932142E-002, 4.2932142E-002
 5.5081000E+002, 2.0422071E+003,-7.7179715E+002,-2.8055197E+002,-7.4226189E+002,-2.4200272E-001, 0.0000000E+000, 0.0000000E+000, 0.0000000E+000, 2.2824037E+002, 2.4735414E+002, 4.3213946E-002, 4.3213946E-002
 5.5261353E+002, 1.9848900E+003,-7.7204113E+002,-2.9306488E+002,-7.5098886E+002,-2.4395586E-001, 0.0000000E+000, 0.0000000E+000, 0.0000000E+000, 1.5699020E+002, 1.6855116E+002, 4.3497755E-002, 4.3497755E-002
 5.5441852E+002, 2.0167770E+003,-7.6821543E+002,-3.1524143E+002,-7.5884780E+002,-2.4504563E-001, 0.0000000E+000, 0.0000000E+000, 0.0000000E+000, 1.6260313E+002, 1.7422729E+002, 4.3782748E-002, 4.3782748E-002
 5.5621826E+002, 2.0331537E+003,-7.9017797E+002,-2.6392697E+002,-7.5789024E+002,-2.4735913E-001, 0.0000000E+000, 0.0000000E+000, 0.0000000E+000, 2.0996682E+002, 2.2091113E+002, 4.4068204E-002, 4.4068204E-002
 5.5801318E+002, 2.0488713E+003,-7.7815895E+002,-3.1255174E+002,-7.5225199E+002,-2.4842232E-001, 0.0000000E+000, 0.0000000E+000, 0.0000000E+000, 1.9203811E+002, 2.0566022E+002, 4.4354003E-002, 4.4354003E-002
 5.5980402E+002, 2.0917115E+003,-8.1184517E+002,-2.7524662E+002,-7.6308939E+002,-2.5012599E-001, 0.0000000E+000, 0.0000000E+000, 0.0000000E+000, 2.2766033E+002, 2.4128020E+002, 4.4639879E-002, 4.4639879E-002
 5.6161841E+002, 2.0800088E+003,-8.0750353E+002,-2.8411591E+002,-7.7078999E+002,-2.5207162E-001, 0.0000000E+000, 0.0000000E+000, 0.0000000E+000, 2.0904555E+002, 2.1734724E+002, 4.4928371E-002, 4.4928371E-002
 5.6341650E+002, 2.0426915E+003,-8.1164759E+002,-3.0325598E+002,-7.7665650E+002,-2.5276600E-001, 0.0000000E+000, 0.0000000E+000, 0.0000000E+000, 1.3547162E+002, 1.5087862E+002, 4.5218261E-002, 4.5218261E-002
 5.6520032E+002, 2.0974196E+003,-8.2772720E+002,-3.0587483E+002,-7.8289849E+002,-2.5391494E-001, 0.0000000E+000, 0.0000000E+000, 0.0000000E+000, 1.6913849E+002, 1.8066516E+002, 4.5506646E-002, 4.5506646E-002
 5.6700702E+002, 2.1175044E+003,-8.2290346E+002,-3.0413933E+002,-7.8731443E+002,-2.5579736E-001, 0.0000000E+000, 0.0000000E+000, 0.0000000E+000, 1.9167580E+002, 2.0289139E+002, 4.5796614E-002, 4.5796614E-002
 5.6880347E+002, 2.1449380E+003,-8.3773993E+002,-3.1090107E+002,-7.9135374E+002,-2.5749515E-001, 0.0000000E+000, 0.0000000E+000, 0.0000000E+000, 1.9293133E+002, 2.0468572E+002, 4.6088612E-002, 4.6088612E-002
 5.7061676E+002, 2.1446283E+003,-8.6995844E+002,-3.2959353E+002,-7.9447141E+002,-2.5986468E-001, 0.0000000E+000, 0.0000000E+000, 0.0000000E+000, 1.3798210E+002, 1.5034502E+002, 4.6381984E-002, 4.6381984E-002
 5.7240875E+002, 2.1508187E+003,-8.5628217E+002,-2.9463318E+002,-7.9933872E+002,-2.6139053E-001, 0.0000000E+000, 0.0000000E+000, 0.0000000E+000, 1.8839874E+002, 2.0030320E+002, 4.6675925E-002, 4.6675925E-002
 5.7420380E+002, 2.1490747E+003,-8.4097918E+002,-3.3425671E+002,-8.0904305E+002,-2.6271419E-001, 0.0000000E+000, 0.0000000E+000, 0.0000000E+000, 1.5527362E+002, 1.6453309E+002, 4.6969360E-002, 4.6969360E-002
 5.7600702E+002, 2.1933359E+003,-8.7047559E+002,-3.1603468E+002,-8.0073437E+002,-2.6494464E-001, 0.0000000E+000, 0.0000000E+000, 0.0000000E+000, 2.0381595E+002, 2.0582628E+002, 4.7264618E-002, 4.7264618E-002
 5.7780188E+002, 2.1908380E+003,-8.8685155E+002,-2.9289001E+002,-8.1444196E+002,-2.6568961E-001, 0.0000000E+000, 0.0000000E+000, 0.0000000E+000, 1.9024621E+002, 1.9638879E+002, 4.7560665E-002, 4.7560665E-002
 5.7960504E+002, 2.1700295E+003,-8.7569805E+002,-3.3426548E+002,-8.1464426E+002,-2.6643975E-001, 0.0000000E+000, 0.0000000E+000, 0.0000000E+000, 1.2948627E+002, 1.4515528E+002, 4.7857787E-002, 4.7857787E-002
 5.8140845E+002, 2.2647719E+003,-8.7977468E+002,-3.1591459E+002,-8.1452854E+002,-2.6826447E-001, 0.0000000E+000, 0.0000000E+000, 0.0000000E+000, 2.4441265E+002, 2.5428579E+002, 4.8156547E-002, 4.8156547E-002
 5.8320917E+002, 2.2180136E+003,-8.6566411E+002,-3.5213595E+002,-8.0574545E+002,-2.7003016E-001, 0.0000000E+000, 0.0000000E+000, 0.0000000E+000, 1.8344712E+002, 1.9419809E+002, 4.8456024E-002, 4.8456024E-002
 5.8500549E+002, 2.2530540E+003,-8.9513379E+002,-3.1785882E+002,-8.1616456E+002,-2.7064241E-001, 0.0000000E+000, 0.0000000E+000, 0.0000000E+000, 2.1522898E+002, 2.2362614E+002, 4.8755819E-002, 4.8755819E-002
 5.8680200E+002, 2.2575127E+003,-8.8030764E+002,-3.3061597E+002,-8.2633451E+002,-2.7251144E-001, 0.0000000E+000, 0.0000000E+000, 0.0000000E+000, 2.0090650E+002, 2.1998209E+002, 4.9056151E-002, 4.9056151E-002
 5.8861316E+002, 2.2859066E+003,-8.7933612E+002,-3.4030345E+002,-8.2163994E+002,-2.7534190E-001, 0.0000000E+000, 0.0000000E+000, 0.0000000E+000, 2.3627656E+002, 2.4435171E+002, 4.9358588E-002, 4.9358588E-002
 5.9041425E+002, 2.2799887E+003,-9.3261205E+002,-3.1177177E+002,-8.3612252E+002,-2.7637929E-001, 0.0000000E+000, 0.0000000E+000, 0.0000000E+000, 1.8512560E+002, 1.9920600E+002, 4.9662424E-002, 4.9662424E-002
 5.9220038E+002, 2.3370599E+003,-9.3264861E+002,-3.6416878E+002,-8.3606512E+002,-2.7801064E-001, 0.0000000E+000, 0.0000000E+000, 0.0000000E+000, 1.9010653E+002, 2.0389935E+002, 4.9965126E-002, 4.9965126E-002
 5.9400781E+002, 2.2964433E+003,-9.1121723E+002,-3.4305450E+002,-8.4656190E+002,-2.7966707E-001, 0.0000000E+000, 0.0000000E+000, 0.0000000E+000, 1.8269146E+002, 1.9532995E+002, 5.0269197E-002, 5.0269197E-002
 5.9581561E+002, 2.3621905E+003,-9.4444541E+002,-3.5940586E+002,-8.4549110E+002,-2.8202143E-001, 0.0000000E+000, 0.0000000E+000, 0.0000000E+000, 2.0136652E+002, 2.1256616E+002, 5.0576070E-002, 5.0576070E-002
 5.9760626E+002, 2.2927801E+003,-9.0643613E+002,-3.5214841E+002,-8.6491501E+002,-2.8200365E-001, 0.0000000E+000, 0.0000000E+000, 0.0000000E+000, 1.5810456E+002, 1.6899854E+002, 5.0882488E-002, 5.0882488E-002
 5.9940454E+002, 2.4281600E+003,-9.6946492E+002,-3.1330391E+002,-8.6096808E+002,-2.8499020E-001, 0.0000000E+000, 0.0000000E+000, 0.0000000E+000, 2.7582555E+002, 2.8413813E+002, 5.1189051E-002, 5.1189051E-002
 6.0121039E+002, 2.3257453E+003,-9.3924097E+002,-3.9641600E+002,-8.7075461E+002,-2.8630158E-001, 0.0000000E+000, 0.0000000E+000, 0.0000000E+000, 1.2185165E+002, 1.1904744E+002, 5.1426895E-002, 5.1426895E-002
 6.0300232E+002, 2.3812897E+003,-9.7196543E+002,-3.2234580E+002,-8.7798325E+002,-2.8575328E-001, 0.0000000E+000, 0.0000000E+000, 0.0000000E+000, 1.9669349E+002, 2.0870942E+002, 5.1443126E-002, 5.1443126E-002
 6.0480731E+002, 2.3417007E+003,-9.6562901E+002,-3.5635815E+002,-8.7512740E+002,-2.8517895E-001, 0.0000000E+000, 0.0000000E+000, 0.0000000E+000, 1.3813536E+002, 1.4430093E+002, 5.1443126E-002, 5.1443126E-002
 6.0660400E+002, 2.3652513E+003,-9.9336901E+002,-3.2734857E+002,-8.6433882E+002,-2.8524626E-001, 0.0000000E+000, 0.0000000E+000, 0.0000000E+000, 1.6593477E+002, 1.7990965E+002, 5.1443126E-002, 5.1443126E-002
 6.0840930E+002, 2.3908027E+003,-9.8350350E+002,-3.6907871E+002,-8.7387629E+002,-2.8529507E-001, 0.0000000E+000, 0.0000000E+000, 0.0000000E+000, 1.5619600E+002, 1.6405896E+002, 5.1443126E-002, 5.1443126E-002
 6.1021283E+002, 2.3887517E+003,-9.7595059E+002,-3.6712743E+002,-8.7623211E+002,-2.8585146E-001, 0.0000000E+000, 0.0000000E+000, 0.0000000E+000, 1.5421003E+002, 1.6915571E+002, 5.1443126E-002, 5.1443126E-002
 6.1201929E+002, 2.3829875E+003,-9.9783436E+002,-3.7843241E+002,-8.8119235E+002,-2.8552042E-001, 0.0000000E+000, 0.0000000E+000, 0.0000000E+000, 1.1297101E+002, 1.2524283E+002, 5.1443126E-002, 5.1443126E-002
 6.1381079E+002, 2.3885843E+003,-9.9482166E+002,-3.6313321E+002,-8.7915267E+002,-2.8648178E-001, 0.0000000E+000, 0.0000000E+000, 0.0000000E+000, 1.5089290E+002, 1.5119025E+002, 5.1443126E-002, 5.1443126E-002
 6.1561267E+002, 2.3606177E+003,-9.8706291E+002,-3.6456395E+002,-8.8516717E+002,-2.8698841E-001, 0.0000000E+000, 0.0000000E+000, 0.0000000E+000, 1.2341717E+002, 1.2353665E+002, 5.1443126E-002, 5.1443126E-002
 6.1740149E+002, 2.3439704E+003,-9.5014460E+002,-3.6591930E+002,-8.7809237E+002,-2.8601005E-001, 0.0000000E+000, 0.0000000E+000, 0.0000000E+000, 1.3649063E+002, 1.4952812E+002, 5.1443126E-002, 5.1443126E-002
 6.1920538E+002, 2.3997074E+003,-9.7304714E+002,-3.7615030E+002,-8.7172299E+002,-2.8674841E-001, 0.0000000E+000, 0.0000000E+000, 0.0000000E+000, 1.6992311E+002, 1.7850020E+002, 5.1443126E-002, 5.1443126E-002
 6.2100958E+002, 2.3623879E+003,-9.5680358E+002,-4.3455227E+002,-8.7614783E+002,-2.8610134E-001, 0.0000000E+000, 0.0000000E+000, 0.0000000E+000, 9.0869149E+001, 9.4598156E+001, 5.1443126E-002, 5.1443126E-002
 6.2281610E+002, 2.3577045E+003,-9.5141983E+002,-3.6197508E+002,-8.8377935E+002,-2.8552759E-001, 0.0000000E+000, 0.0000000E+000, 0.0000000E+000, 1.5256729E+002, 1.6024473E+002, 5.1443126E-002, 5.1443126E-002
 6.2460297E+002, 2.3759872E+003,-9.4642904E+002,-4.0394135E+002,-8.8398060E+002,-2.8597308E-001, 0.0000000E+000, 0.0000000E+000, 0.0000000E+000, 1.3006954E+002, 1.4135021E+002, 5.1443126E-002, 5.1443126E-002
 6.2640167E+002, 2.3941768E+003,-9.6949646E+002,-3.9916308E+002,-8.8687969E+002,-2.8735648E-001, 0.0000000E+000, 0.0000000E+000, 0.0000000E+000, 1.3017393E+002, 1.3835024E+002, 5.1443126E-002, 5.1443126E-002
 6.2822058E+002, 2.3699373E+003,-9.4328850E+002,-4.1760355E+002,-8.8064435E+002,-2.8588051E-001, 0.0000000E+000, 0.0000000E+000, 0.0000000E+000, 1.1499365E+002, 1.2811505E+002, 5.1443126E-002, 5.1443126E-002
 6.3001874E+002, 2.3761145E+003,-9.7784411E+002,-4.1560326E+002,-9.0560897E+002,-2.8731481E-001, 0.0000000E+000, 0.0000000E+000, 0.0000000E+000, 7.5712778E+001, 7.6770852E+001, 5.1443126E-002, 5.1443126E-002
 6.3181036E+002, 2.3883931E+003,-9.8357966E+002,-3.9986211E+002,-8.9914205E+002,-2.8602608E-001, 0.0000000E+000, 0.0000000E+000, 0.0000000E+000, 9.1025118E+001, 1.0552325E+002, 5.1443126E-002, 5.1443126E-002
 6.3361090E+002, 2.3786326E+003,-9.6704402E+002,-3.9211804E+002,-9.0402011E+002,-2.8702174E-001, 0.0000000E+000, 0.0000000E+000, 0.0000000E+000, 1.0835887E+002, 1.1516343E+002, 5.1443126E-002, 5.1443126E-002
 6.3540424E+002, 2.3604535E+003,-9.3785248E+002,-4.0356765E+002,-8.9176430E+002,-2.8531732E-001, 0.0000000E+000, 0.0000000E+000, 0.0000000E+000, 1.1528859E+002, 1.2698372E+002, 5.1443126E-002, 5.1443126E-002
 6.3721143E+002, 2.3404988E+003,-9.4197717E+002,-4.2908067E+002,-8.9538305E+002,-2.8416934E-001, 0.0000000E+000, 0.0000000E+000, 0.0000000E+000, 6.1988242E+001, 7.3773785E+001, 5.1443126E-002, 5.1443126E-002
 6.3901184E+002, 2.3798251E+003,-9.8996781E+002,-4.2936719E+002,-8.9084624E+002,-2.8449974E-001, 0.0000000E+000, 0.0000000E+000, 0.0000000E+000, 5.8007081E+001, 6.9359335E+001, 5.1443126E-002, 5.1443126E-002
 6.4080243E+002, 2.3642335E+003,-9.5011399E+002,-4.0917850E+002,-8.8888447E+002,-2.8481221E-001, 0.0000000E+000, 0.0000000E+000, 0.0000000E+000, 9.9825736E+001, 1.1577169E+002, 5.1443126E-002, 5.1443126E-002
 6.4260596E+002, 2.3513700E+003,-9.7202887E+002,-4.2226865E+002,-8.9012309E+002,-2.8435730E-001, 0.0000000E+000, 0.0000000E+000, 0.0000000E+000, 5.8052754E+001, 6.6665073E+001, 5.1443126E-002, 5.1443126E-002
 6.4441882E+002, 2.4208712E+003,-9.9049030E+002,-4.0406622E+002,-8.9552578E+002,-2.8599245E-001, 0.0000000E+000, 0.0000000E+000, 0.0000000E+000, 1.1688452E+002, 1.3050287E+002, 5.1443126E-002, 5.1443126E-002
 6.4621002E+002, 2.3446973E+003,-9.8750972E+002,-3.9606181E+002,-9.0182430E+002,-2.8610685E-001, 0.0000000E+000, 0.0000000E+000, 0.0000000E+000, 5.0764807E+001, 5.9015407E+001, 5.1443126E-002, 5.1443126E-002
 6.4800372E+002, 2.3843809E+003,-9.5779387E+002,-3.8590680E+002,-8.8978970E+002,-2.8574280E-001, 0.0000000E+000, 0.0000000E+000, 0.0000000E+000, 1.3689551E+002, 1.5060482E+002, 5.1443126E-002, 5.1443126E-002
 6.4980713E+002, 2.3494049E+003,-9.6521057E+002,-4.6089350E+002,-9.0258984E+002,-2.8580805E-001, 0.0000000E+000, 0.0000000E+000, 0.0000000E+000, 8.7616674E+000, 2.0425196E+001, 5.1443126E-002, 5.1443126E-002
 6.5161700E+002, 2.3790029E+003,-9.9628720E+002,-3.9860795E+002,-8.9730419E+002,-2.8522978E-001, 0.0000000E+000, 0.0000000E+000, 0.0000000E+000, 7.2303196E+001, 8.6518274E+001, 5.1443126E-002, 5.1443126E-002
 6.5340741E+002, 2.4111478E+003,-1.0319356E+003,-4.2783268E+002,-9.0882687E+002,-2.8583827E-001, 0.0000000E+000, 0.0000000E+000, 0.0000000E+000, 3.1169064E+001, 4.2266871E+001, 5.1443126E-002, 5.1443126E-002
 6.5520477E+002, 2.3654138E+003,-9.9663839E+002,-4.1936159E+002,-9.2150533E+002,-2.8649786E-001, 0.0000000E+000, 0.0000000E+000, 0.0000000E+000, 1.2583685E+001, 2.7622033E+001, 5.1443126E-002, 5.1443126E-002
 6.5701898E+002, 2.3761630E+003,-1.0056952E+003,-4.4082766E+002,-9.1744374E+002,-2.8650143E-001, 0.0000000E+000, 0.0000000E+000, 0.0000000E+000, 3.9254885E+000, 1.1909863E+001, 5.1443126E-002, 5.1443126E-002
 6.5881671E+002, 2.3640684E+003,-1.0249445E+003,-4.3610171E+002,-9.1753390E+002,-2.8655329E-001, 0.0000000E+000, 0.0000000E+000, 0.0000000E+000,-1.8460324E+001,-1.4798262E+001, 5.1443126E-002, 5.1443126E-002
 6.6060419E+002, 2.3727701E+003,-9.9039830E+002,-4.6804534E+002,-9.1080930E+002,-2.8541305E-001, 0.0000000E+000, 0.0000000E+000, 0.0000000E+000,-5.6934089E+000, 3.2317578E+000, 5.1443126E-002, 5.1443126E-002
 6.6240698E+002, 2.3259018E+003,-9.8229081E+002,-4.0714198E+002,-9.1114795E+002,-2.8466947E-001, 0.0000000E+000, 0.0000000E+000, 0.0000000E+000, 1.9600321E+001, 2.5036400E+001, 5.1443126E-002, 5.1443126E-002
 6.6420703E+002, 2.3954970E+003,-1.0126249E+003,-4.3135881E+002,-9.0794641E+002,-2.8471301E-001, 0.0000000E+000, 0.0000000E+000, 0.0000000E+000, 3.1670239E+001, 4.3282133E+001, 5.1443126E-002, 5.1443126E-002
 6.6600012E+002, 2.3515491E+003,-9.9332476E+002,-4.1382388E+002,-9.2274831E+002,-2.8546474E-001, 0.0000000E+000, 0.0000000E+000, 0.0000000E+000, 1.0177279E+001, 2.1366656E+001, 5.1443126E-002, 5.1443126E-002
 6.6781763E+002, 2.3771661E+003,-9.7514347E+002,-4.2190967E+002,-9.0499948E+002,-2.8491496E-001, 0.0000000E+000, 0.0000000E+000, 0.0000000E+000, 6.3506669E+001, 7.4828591E+001, 5.1443126E-002, 5.1443126E-002
 6.6960333E+002, 2.3559276E+003,-9.6823132E+002,-4.4464484E+002,-9.1290367E+002,-2.8513634E-001, 0.0000000E+000, 0.0000000E+000, 0.0000000E+000, 1.4693444E+001, 2.9862594E+001, 5.1443126E-002, 5.1443126E-002
 6.7141614E+002, 2.3916689E+003,-9.9017888E+002,-4.0949628E+002,-9.1349442E+002,-2.8508953E-001, 0.0000000E+000, 0.0000000E+000, 0.0000000E+000, 6.8937800E+001, 7.8214238E+001, 5.1443126E-002, 5.1443126E-002
 6.7320844E+002, 2.3403651E+003,-9.4869292E+002,-4.5116762E+002,-8.9744946E+002,-2.8431880E-001, 0.0000000E+000, 0.0000000E+000, 0.0000000E+000, 2.8987690E+001, 4.2770745E+001, 5.1443126E-002, 5.1443126E-002
 6.7500830E+002, 2.4232651E+003,-1.0056204E+003,-4.6992820E+002,-8.9941378E+002,-2.8509952E-001, 0.0000000E+000, 0.0000000E+000, 0.0000000E+000, 3.7337750E+001, 4.8017561E+001, 5.1443126E-002, 5.1443126E-002
 6.7680103E+002, 2.3738797E+003,-1.0266342E+003,-4.3825519E+002,-9.0886667E+002,-2.8629432E-001, 0.0000000E+000, 0.0000000E+000, 0.0000000E+000,-6.7929071E+000,-1.6265990E-001, 5.1443126E-002, 5.1443126E-002
 6.7861633E+002, 2.3592974E+003,-1.0355068E+003,-4.4575087E+002,-9.1252961E+002,-2.8632668E-001, 0.0000000E+000, 0.0000000E+000, 0.0000000E+000,-4.5233243E+001,-3.4776227E+001, 5.1443126E-002, 5.1443126E-002
 6.8040460E+002, 2.3330151E+003,-1.0074402E+003,-4.6659256E+002,-9.0921915E+002,-2.8506801E-001, 0.0000000E+000, 0.0000000E+000, 0.0000000E+000,-5.8744805E+001,-5.0521935E+001, 5.1443126E-002, 5.1443126E-002
 6.8220367E+002, 2.3762608E+003,-1.0183147E+003,-4.4453426E+002,-9.1352546E+002,-2.8478977E-001, 0.0000000E+000, 0.0000000E+000, 0.0000000E+000,-1.4095100E+001,-3.9844221E-001, 5.1443126E-002, 5.1443126E-002
 6.8400714E+002, 2.3640925E+003,-1.0175117E+003,-4.6914436E+002,-9.1194748E+002,-2.8474445E-001, 0.0000000E+000, 0.0000000E+000, 0.0000000E+000,-3.8493078E+001,-3.4795790E+001, 5.1443126E-002, 5.1443126E-002
 6.8581287E+002, 2.4055602E+003,-1.0163175E+003,-4.4056251E+002,-9.0874809E+002,-2.8587194E-001, 0.0000000E+000, 0.0000000E+000, 0.0000000E+000, 2.8210423E+001, 3.9646180E+001, 5.1443126E-002, 5.1443126E-002
 6.8760364E+002, 2.3815747E+003,-1.0062083E+003,-4.4609750E+002,-8.9779929E+002,-2.8588104E-001, 0.0000000E+000, 0.0000000E+000, 0.0000000E+000, 2.2375462E+001, 3.1183706E+001, 5.1443126E-002, 5.1443126E-002
 6.8940515E+002, 2.3546174E+003,-1.0171269E+003,-4.7188407E+002,-9.0820667E+002,-2.8650317E-001, 0.0000000E+000, 0.0000000E+000, 0.0000000E+000,-5.0753392E+001,-4.2886692E+001, 5.1443126E-002, 5.1443126E-002
 6.9121411E+002, 2.3434186E+003,-9.8066182E+002,-4.4555990E+002,-9.0545168E+002,-2.8572921E-001, 0.0000000E+000, 0.0000000E+000, 0.0000000E+000, 6.9933901E-001, 1.1459513E+001, 5.1443126E-002, 5.1443126E-002
 6.9301202E+002, 2.3467779E+003,-9.8280945E+002,-4.8189889E+002,-9.0531950E+002,-2.8440295E-001, 0.0000000E+000, 0.0000000E+000, 0.0000000E+000,-3.4068165E+001,-2.3534346E+001, 5.1443126E-002, 5.1443126E-002
 6.9480573E+002, 2.4033579E+003,-1.0152573E+003,-4.5066893E+002,-9.0197899E+002,-2.8472793E-001, 0.0000000E+000, 0.0000000E+000, 0.0000000E+000, 2.4063026E+001, 3.5167893E+001, 5.1443126E-002, 5.1443126E-002
 6.9660022E+002, 2.3650107E+003,-1.0000995E+003,-4.4436910E+002,-9.0554765E+002,-2.8551601E-001, 0.0000000E+000, 0.0000000E+000, 0.0000000E+000, 6.6843672E+000, 1.4709018E+001, 5.1443126E-002, 5.1443126E-002
 6.9841180E+002, 2.4070394E+003,-9.9666911E+002,-4.5745394E+002,-9.1747138E+002,-2.8563673E-001, 0.0000000E+000, 0.0000000E+000, 0.0000000E+000, 2.3142795E+001, 3.5159301E+001, 5.1443126E-002, 5.1443126E-002
 7.0020612E+002, 2.3680198E+003,-1.0048707E+003,-4.1630445E+002,-9.2335489E+002,-2.8592852E-001, 0.0000000E+000, 0.0000000E+000, 0.0000000E+000, 1.3196599E+001, 2.3203831E+001, 5.1443126E-002, 5.1443126E-002
 7.0201971E+002, 2.3470336E+003,-9.8169830E+002,-4.5567330E+002,-9.1898856E+002,-2.8645497E-001, 0.0000000E+000, 0.0000000E+000, 0.0000000E+000,-1.9997610E+001,-9.6130260E+000, 5.1443126E-002, 5.1443126E-002
 7.0381427E+002, 2.3929742E+003,-9.9760319E+002,-4.5903968E+002,-9.1376376E+002,-2.8561712E-001, 0.0000000E+000, 0.0000000E+000, 0.0000000E+000, 1.2018613E+001, 2.2281964E+001, 5.1443126E-002, 5.1443126E-002
 7.0561151E+002, 2.3541796E+003,-1.0079012E+003,-4.5426896E+002,-9.1354248E+002,-2.8582835E-001, 0.0000000E+000, 0.0000000E+000, 0.0000000E+000,-2.8113991E+001,-2.1818852E+001, 5.1443126E-002, 5.1443126E-002
 7.0741864E+002, 2.3438173E+003,-1.0055785E+003,-3.8423735E+002,-9.1311898E+002,-2.8521194E-001, 0.0000000E+000, 0.0000000E+000, 0.0000000E+000, 4.0628441E+001, 4.0597274E+001, 5.1443126E-002, 5.1443126E-002
 7.0921649E+002, 2.3857326E+003,-1.0454754E+003,-4.7812079E+002,-9.1461609E+002,-2.8596452E-001, 0.0000000E+000, 0.0000000E+000, 0.0000000E+000,-5.6285304E+001,-5.2765637E+001, 5.1443126E-002, 5.1443126E-002
 7.1101764E+002, 2.4005081E+003,-1.0310483E+003,-4.3092319E+002,-9.0823152E+002,-2.8554742E-001, 0.0000000E+000, 0.0000000E+000, 0.0000000E+000, 2.1680545E+001, 3.0019534E+001, 5.1443126E-002, 5.1443126E-002
 7.1280096E+002, 2.3927531E+003,-1.0410724E+003,-4.6401161E+002,-9.0453707E+002,-2.8684581E-001, 0.0000000E+000, 0.0000000E+000, 0.0000000E+000,-2.8794983E+001,-1.7154808E+001, 5.1443126E-002, 5.1443126E-002
 7.1460522E+002, 2.3544265E+003,-9.7858164E+002,-4.8133998E+002,-8.9166795E+002,-2.8643617E-001, 0.0000000E+000, 0.0000000E+000, 0.0000000E+000,-8.5151034E+000, 2.5504613E+000, 5.1443126E-002, 5.1443126E-002
 7.1641156E+002, 2.3540787E+003,-1.0032460E+003,-4.3853698E+002,-9.0029344E+002,-2.8539992E-001, 0.0000000E+000, 0.0000000E+000, 0.0000000E+000, 7.8307011E+000, 1.1716896E+001, 5.1443126E-002, 5.1443126E-002
 7.1820831E+002, 2.3493634E+003,-1.0041559E+003,-4.5026744E+002,-9.0272687E+002,-2.8540419E-001, 0.0000000E+000, 0.0000000E+000, 0.0000000E+000,-1.6028369E+001,-8.0721666E+000, 5.1443126E-002, 5.1443126E-002
 7.2000696E+002, 2.3835990E+003,-1.0261977E+003,-4.6919277E+002,-8.9885180E+002,-2.8549670E-001, 0.0000000E+000, 0.0000000E+000, 0.0000000E+000,-2.1579567E+001,-1.0928795E+001, 5.1443126E-002, 5.1443126E-002
 7.2180597E+002, 2.3260003E+003,-9.8585622E+002,-4.4759172E+002,-8.9136927E+002,-2.8476322E-001, 0.0000000E+000, 0.0000000E+000, 0.0000000E+000,-1.3392487E+001, 8.9837083E-001, 5.1443126E-002, 5.1443126E-002
 7.2361066E+002, 2.4111453E+003,-1.0282813E+003,-4.7037049E+002,-9.0163903E+002,-2.8485649E-001, 0.0000000E+000, 0.0000000E+000, 0.0000000E+000, 1.5636358E+000, 1.0569656E+001, 5.1443126E-002, 5.1443126E-002
 7.2541687E+002, 2.3628601E+003,-9.9499310E+002,-4.4824333E+002,-8.9990698E+002,-2.8485446E-001, 0.0000000E+000, 0.0000000E+000, 0.0000000E+000, 8.9044225E+000, 1.9431875E+001, 5.1443126E-002, 5.1443126E-002
 7.2720764E+002, 2.3691152E+003,-9.9772539E+002,-4.3603827E+002,-9.0600862E+002,-2.8576516E-001, 0.0000000E+000, 0.0000000E+000, 0.0000000E+000, 2.0090343E+001, 2.9057184E+001, 5.1443126E-002, 5.1443126E-002
 7.2901617E+002, 2.3492941E+003,-9.7403392E+002,-4.4325515E+002,-9.1114517E+002,-2.8492339E-001, 0.0000000E+000, 0.0000000E+000, 0.0000000E+000, 1.0660185E+001, 2.0574981E+001, 5.1443126E-002, 5.1443126E-002
 7.3080267E+002, 2.4127963E+003,-1.0263239E+003,-4.5350262E+002,-9.0801647E+002,-2.8577575E-001, 0.0000000E+000, 0.0000000E+000, 0.0000000E+000, 1.9196606E+001, 2.4667463E+001, 5.1443126E-002, 5.1443126E-002
 7.3260706E+002, 2.3683196E+003,-1.0005542E+003,-4.7608327E+002,-9.0921714E+002,-2.8609025E-001, 0.0000000E+000, 0.0000000E+000, 0.0000000E+000,-3.3975072E+001,-1.7821060E+001, 5.1443126E-002, 5.1443126E-002
